HOSTNAME,SOURCE_BUNDLE_INTERFACE,SOURCE_IPV4_ADDRESS,SOURCE_IPV6_ADDRESS
MKTG3610CIBP001,Bundle-Ether31,10.205.192.1/30,2405:B800:1::/127
MKTG3610CIBP001,Bundle-Ether33,10.205.192.66/30,2405:B800:1::21/127
MKTG3610CIBP001,Bundle-Ether34,10.205.192.130/30,2405:B800:1::41/127
MKTG3610CIBP001,Bundle-Ether35,10.205.192.194/30,2405:B800:1::81/127
MKTG3610CIBP001,Bundle-Ether37,10.205.192.242/30,2405:B800:1::99/127
MKTG3610CIBP001,Bundle-Ether39,10.205.193.18/30,2405:B800:1::A9/127
MKTG3610CIBP001,Bundle-Ether41,10.205.193.50/30,2405:B800:1::B9/127
MKTG3610CIBP001,Bundle-Ether43,10.205.193.66/30,2405:B800:1::C1/127
MKTG3610CIBP001,Bundle-Ether45,10.205.194.2/30,2405:B800:1::121/127
MKTG3610CIBP001,Bundle-Ether47,10.205.194.34/30,2405:B800:1::131/127
MKTG3610CIBP001,Bundle-Ether49,10.205.194.66/30,2405:B800:1::141/127
MKTG3610CIBP001,Bundle-Ether51,10.205.195.66/30,2405:B800:1::1C1/127
MKTG3610CIBP001,Bundle-Ether32,10.205.192.9/30,2405:B800:1::4/127
MKTG3610CIBP001,Bundle-Ether36,10.205.192.202/30,2405:B800:1::85/127
MKTG3610CIBP001,Bundle-Ether38,10.205.193.2/30,2405:B800:1::A1/127
MKTG3610CIBP001,Bundle-Ether40,10.205.193.58/30,2405:b800:1::bd/127
MKTG3610CIBP001,Bundle-Ether41,,
MKTG3610CIBP001,Bundle-Ether43,,
MKTG3610CIBP001,Bundle-Ether46,10.205.194.18/30,2405:B800:1::129/127
MKTG3610CIBP001,Bundle-Ether48,10.205.194.50/30,2405:B800:1::139/127
MKTG3610CIBP001,Bundle-Ether50,10.205.194.82/30,2405:B800:1::149/127
MKTG3610CIBP002,Bundle-Ether31,10.205.192.5/30,2405:B800:1::2/127
MKTG3610CIBP002,Bundle-Ether33,10.205.192.70/30,2405:B800:1::23/127
MKTG3610CIBP002,Bundle-Ether34,10.205.192.134/30,2405:B800:1::43/127
MKTG3610CIBP002,Bundle-Ether35,10.205.192.198/30,2405:B800:1::83/127
MKTG3610CIBP002,Bundle-Ether37,10.205.192.250/30,2405:B800:1::9D/127
MKTG3610CIBP002,Bundle-Ether39,10.205.193.26/30,2405:B800:1::AD/127
MKTG3610CIBP002,Bundle-Ether41,10.205.193.54/30,2405:B800:1::BB/127
MKTG3610CIBP002,Bundle-Ether43,10.205.193.70/30,2405:B800:1::C3/127
MKTG3610CIBP002,Bundle-Ether45,10.205.194.10/30,2405:B800:1::125/127
MKTG3610CIBP002,Bundle-Ether47,10.205.194.42/30,2405:B800:1::135/127
MKTG3610CIBP002,Bundle-Ether49,10.205.194.74/30,2405:B800:1::145/127
MKTG3610CIBP002,Bundle-Ether51,10.205.195.74/30,2405:B800:1::1C5/127
MKTG3610CIBP002,Bundle-Ether32,10.205.192.13/30,2405:B800:1::6/127
MKTG3610CIBP002,Bundle-Ether36,10.205.192.206/30,2405:B800:1::87/127
MKTG3610CIBP002,Bundle-Ether38,10.205.193.10/30,2405:B800:1::A5/127
MKTG3610CIBP002,Bundle-Ether40,10.205.193.42/30,2405:B800:1::B5/127
MKTG3610CIBP002,Bundle-Ether41,,
MKTG3610CIBP002,Bundle-Ether43,,
MKTG3610CIBP002,Bundle-Ether46,10.205.194.26/30,2405:B800:1::12D/127
MKTG3610CIBP002,Bundle-Ether48,10.205.194.58/30,2405:B800:1::13D/127
MKTG3610CIBP002,Bundle-Ether50,10.205.194.90/30,2405:B800:1::14D/127
SPC00E67CIBP001,Bundle-Ether31,10.205.192.2/30,2405:B800:1::1/127
SPC00E67CIBP001,Bundle-Ether32,10.205.192.17/30,2405:B800:1::8/127
SPC00E67CIBP001,Bundle-Ether35,10.205.192.210/30,2405:B800:1::89/127
SPC00E67CIBP001,Bundle-Ether37,,
SPC00E67CIBP001,Bundle-Ether39,,
SPC00E67CIBP001,Bundle-Ether41,10.205.194.14/30,2405:B800:1::127/127
SPC00E67CIBP001,Bundle-Ether43,10.205.194.46/30,2405:B800:1::137/127
SPC00E67CIBP001,Bundle-Ether45,10.205.194.78/30,2405:B800:1::147/127
SPC00E67CIBP001,Bundle-Ether47,10.205.195.78/30,2405:B800:1::1C7/127
SPC00E67CIBP001,Bundle-Ether33,10.205.192.74/30,2405:B800:1::25/127
SPC00E67CIBP001,Bundle-Ether34,10.205.192.138/30,2405:B800:1::45/127
SPC00E67CIBP001,Bundle-Ether36,10.205.192.218/30,2405:B800:1::8D/127
SPC00E67CIBP001,Bundle-Ether37,10.205.193.86/30,2405:B800:1::CB/127
SPC00E67CIBP001,Bundle-Ether39,10.205.193.102/30,2405:B800:1::D3/127
SPC00E67CIBP001,Bundle-Ether42,10.205.194.30/30,2405:B800:1::12F/127
SPC00E67CIBP001,Bundle-Ether44,10.205.194.62/30,2405:B800:1::13F/127
SPC00E67CIBP001,Bundle-Ether46,10.205.194.94/30,2405:B800:1::14F/127
SPC00E67CIBP002,Bundle-Ether31,10.205.192.6/30,2405:B800:1::3/127
SPC00E67CIBP002,Bundle-Ether32,10.205.192.21/30,2405:B800:1::A/127
SPC00E67CIBP002,Bundle-Ether35,10.205.192.214/30,2405:B800:1::8B/127
SPC00E67CIBP002,Bundle-Ether37,,
SPC00E67CIBP002,Bundle-Ether39,,
SPC00E67CIBP002,Bundle-Ether41,10.205.194.6/30,2405:B800:1::123/127
SPC00E67CIBP002,Bundle-Ether43,10.205.194.38/30,2405:B800:1::133/127
SPC00E67CIBP002,Bundle-Ether45,10.205.194.70/30,2405:B800:1::143/127
SPC00E67CIBP002,Bundle-Ether47,10.205.195.70/30,2405:B800:1::1C3/127
SPC00E67CIBP002,Bundle-Ether33,10.205.192.78/30,2405:B800:1::27/127
SPC00E67CIBP002,Bundle-Ether34,10.205.192.142/30,2405:B800:1::47/127
SPC00E67CIBP002,Bundle-Ether36,10.205.192.222/30,2405:B800:1::8F/127
SPC00E67CIBP002,Bundle-Ether37,10.205.193.94/30,2405:B800:1::CF/127
SPC00E67CIBP002,Bundle-Ether39,10.205.193.110/30,2405:B800:1::D7/127
SPC00E67CIBP002,Bundle-Ether42,10.205.194.22/30,2405:B800:1::12B/127
SPC00E67CIBP002,Bundle-Ether44,10.205.194.54/30,2405:B800:1::13B/127
SPC00E67CIBP002,Bundle-Ether46,10.205.194.86/30,2405:B800:1::14B/127
PRQ06653CIBP001,Bundle-Ether32,10.205.192.18/30,2405:B800:1::9/127
PRQ06653CIBP001,Bundle-Ether33,10.205.192.226/30,2405:B800:1::91/127
PRQ06653CIBP001,Bundle-Ether35,10.205.192.254/30,2405:B800:1::9F/127
PRQ06653CIBP001,Bundle-Ether37,10.205.193.30/30,2405:B800:1::AF/127
PRQ06653CIBP001,Bundle-Ether31,10.205.192.10/30,2405:B800:1::5/127
MKTG3610CIBP001,Bundle-Ether42,10.205.192.234/30,2405:B800:1::95/127
PRQ06653CIBP001,Bundle-Ether36,10.205.193.14/30,2405:B800:1::A7/127
PRQ06653CIBP001,Bundle-Ether38,10.205.193.46/30,2405:B800:1::B7/127
PRQ06653CIBP002,Bundle-Ether32,10.205.192.22/30,2405:B800:1::B/127
MKTG3610CIBP002,Bundle-Ether42,10.205.192.230/30,2405:B800:1::93/127
PRQ06653CIBP002,Bundle-Ether35,10.205.192.246/30,2405:B800:1::9B/127
PRQ06653CIBP002,Bundle-Ether37,10.205.193.22/30,2405:B800:1::AB/127
PRQ06653CIBP002,Bundle-Ether31,10.205.192.14/30,2405:B800:1::7/127
PRQ06653CIBP002,Bundle-Ether34,10.205.192.238/30,2405:B800:1::97/127
PRQ06653CIBP002,Bundle-Ether36,10.205.193.6/30,2405:B800:1::A3/127
PRQ06653CIBP002,Bundle-Ether38,10.205.193.38/30,2405:B800:1::B3/127
SFUN3814CIBP001,Bundle-Ether31,10.205.192.65/30,2405:B800:1::20/127
SFUN3814CIBP001,Bundle-Ether33,10.205.196.130/30,2405:B800:1::261/127
SFUN3814CIBP001,Bundle-Ether35,10.205.196.146/30,2405:B800:1::269/127
SFUN3814CIBP001,Bundle-Ether37,10.205.196.162/30,2405:B800:1::271/127
SFUN3814CIBP001,Bundle-Ether39,10.205.196.178/30,2405:B800:1::279/127
SFUN3814CIBP001,Bundle-Ether41,10.205.196.194/30,2405:B800:1::281/127
SFUN3814CIBP001,Bundle-Ether43,10.205.196.210/30,2405:B800:1::289/127
SFUN3814CIBP001,Bundle-Ether45,10.205.196.226/30,2405:B800:1::291/127
SFUN3814CIBP001,Bundle-Ether47,10.205.196.242/30,2405:B800:1::299/127
SFUN3814CIBP001,Bundle-Ether49,10.205.197.2/30,2405:B800:1::2A1/127
SFUN3814CIBP001,Bundle-Ether32,10.205.192.73/30,2405:B800:1::24/127
SFUN3814CIBP001,Bundle-Ether34,10.205.196.138/30,2405:B800:1::265/127
SFUN3814CIBP001,Bundle-Ether36,10.205.196.154/30,2405:B800:1::26D/127
SFUN3814CIBP001,Bundle-Ether38,10.205.196.170/30,2405:B800:1::275/127
SFUN3814CIBP001,Bundle-Ether40,10.205.196.186/30,2405:B800:1::27D/127
SFUN3814CIBP001,Bundle-Ether42,10.205.196.202/30,2405:B800:1::285/127
SFUN3814CIBP001,Bundle-Ether44,10.205.196.218/30,2405:B800:1::28D/127
SFUN3814CIBP001,Bundle-Ether46,10.205.196.234/30,2405:B800:1::295/127
SFUN3814CIBP001,Bundle-Ether48,10.205.196.250/30,2405:B800:1::29D/127
SFUN3814CIBP001,Bundle-Ether50,10.205.197.10/30,2405:B800:1::2A5/127
SFUN3814CIBP002,Bundle-Ether31,10.205.192.69/30,2405:B800:1::22/127
SFUN3814CIBP002,Bundle-Ether33,10.205.196.134/30,2405:B800:1::263/127
SFUN3814CIBP002,Bundle-Ether35,10.205.196.150/30,2405:B800:1::26B/127
SFUN3814CIBP002,Bundle-Ether37,10.205.196.166/30,2405:B800:1::273/127
SFUN3814CIBP002,Bundle-Ether39,10.205.196.182/30,2405:B800:1::27B/127
SFUN3814CIBP002,Bundle-Ether41,10.205.196.198/30,2405:B800:1::283/127
SFUN3814CIBP002,Bundle-Ether43,10.205.196.214/30,2405:B800:1::28B/127
SFUN3814CIBP002,Bundle-Ether45,10.205.196.230/30,2405:B800:1::293/127
SFUN3814CIBP002,Bundle-Ether47,10.205.196.246/30,2405:B800:1::29B/127
SFUN3814CIBP002,Bundle-Ether49,10.205.197.6/30,2405:B800:1::2A3/127
SFUN3814CIBP002,Bundle-Ether32,10.205.192.77/30,2405:B800:1::26/127
SFUN3814CIBP002,Bundle-Ether34,10.205.196.142/30,2405:B800:1::267/127
SFUN3814CIBP002,Bundle-Ether36,10.205.196.158/30,2405:B800:1::26F/127
SFUN3814CIBP002,Bundle-Ether38,10.205.196.174/30,2405:B800:1::277/127
SFUN3814CIBP002,Bundle-Ether40,10.205.196.190/30,2405:B800:1::27F/127
SFUN3814CIBP002,Bundle-Ether42,10.205.196.206/30,2405:B800:1::287/127
SFUN3814CIBP002,Bundle-Ether44,10.205.196.222/30,2405:B800:1::28F/127
SFUN3814CIBP002,Bundle-Ether46,10.205.196.238/30,2405:B800:1::297/127
SFUN3814CIBP002,Bundle-Ether48,10.205.196.254/30,2405:B800:1::29F/127
SFUN3814CIBP002,Bundle-Ether50,10.205.197.14/30,2405:B800:1::2A7/127
LCN04117CIBP001,Bundle-Ether31,10.205.192.129/30,2405:B800:1::40/127
LCN04117CIBP001,Bundle-Ether33,10.205.197.194/30,2405:B800:1::301/127
LCN04117CIBP001,Bundle-Ether35,10.205.197.210/30,2405:B800:1::309/127
LCN04117CIBP001,Bundle-Ether37,10.205.197.226/30,2405:B800:1::311/127
LCN04117CIBP001,Bundle-Ether39,10.205.197.242/30,2405:B800:1::319/127
LCN04117CIBP001,Bundle-Ether41,10.205.198.2/30,2405:B800:1::321/127
LCN04117CIBP001,Bundle-Ether43,10.205.198.18/30,2405:B800:1::329/127
LCN04117CIBP001,Bundle-Ether45,,
LCN04117CIBP001,Bundle-Ether46,10.205.198.54/30,2405:B800:1::33B/127
LCN04117CIBP001,Bundle-Ether32,10.205.192.137/30,2405:B800:1::44/127
LCN04117CIBP001,Bundle-Ether34,10.205.197.202/30,2405:B800:1::305/127
LCN04117CIBP001,Bundle-Ether36,10.205.197.218/30,2405:B800:1::30D/127
LCN04117CIBP001,Bundle-Ether38,10.205.197.234/30,2405:B800:1::315/127
LCN04117CIBP001,Bundle-Ether42,10.205.198.10/30,2405:B800:1::325/127
LCN04117CIBP001,Bundle-Ether44,10.205.198.26/30,2405:B800:1::32D/127
LCN04117CIBP001,Bundle-Ether45,10.205.198.38/30,2405:B800:1::333/127
LCN04117CIBP001,Bundle-Ether46,10.205.198.54/30,2405:B800:1::33B/127
LCN04117CIBP002,Bundle-Ether31,10.205.192.133/30,2405:B800:1::42/127
LCN04117CIBP002,Bundle-Ether33,10.205.197.198/30,2405:B800:1::303/127
LCN04117CIBP002,Bundle-Ether35,10.205.197.214/30,2405:B800:1::30B/127
LCN04117CIBP002,Bundle-Ether37,10.205.197.230/30,2405:B800:1::313/127
LCN04117CIBP002,Bundle-Ether41,10.205.198.6/30,2405:B800:1::323/127
LCN04117CIBP002,Bundle-Ether43,10.205.198.22/30,2405:B800:1::32B/127
LCN04117CIBP002,Bundle-Ether45,,
LCN04117CIBP002,Bundle-Ether46,,
LCN04117CIBP002,Bundle-Ether32,10.205.192.141/30,2405:B800:1::46/127
LCN04117CIBP002,Bundle-Ether34,10.205.197.206/30,2405:B800:1::307/127
LCN04117CIBP002,Bundle-Ether36,10.205.197.222/30,2405:B800:1::30F/127
LCN04117CIBP002,Bundle-Ether38,10.205.197.238/30,2405:B800:1::317/127
LCN04117CIBP002,Bundle-Ether40,10.205.197.254/30,2405:B800:1::31F/127
LCN04117CIBP002,Bundle-Ether42,10.205.198.14/30,2405:B800:1::327/127
LCN04117CIBP002,Bundle-Ether44,10.205.198.30/30,2405:B800:1::32F/127
LCN04117CIBP002,Bundle-Ether45,10.205.198.46/30,2405:B800:1::337/127
LCN04117CIBP002,Bundle-Ether46,10.205.198.62/30,2405:B800:1::33F/127
MKTG3610CIBE001,Bundle-Ether31,10.205.192.193/30,2405:B800:1::80/127
MKTG3610CIBE001,Bundle-Ether10,10.205.193.113/30,2405:B800:1::D8/127
MKTG3610CIBE001,Bundle-Ether1001,,
MKTG3610CIBE001,Bundle-Ether1002,,
MKTG3610CIBE001,,,
MKTG3610CIBE001,Bundle-Ether32,10.205.192.197/30,2405:B800:1::82/127
MKTG3610CIBE001,Bundle-Ether1003,,
MKTG3610CIBE001,Bundle-Ether1004,,
MKTG3610CIBE001,,,
MKTG3610CIBE001,Bundle-Ether50,,
MKTG3610CIBE001,Bundle-Ether35,,
MKTG3610CIBE001,Bundle-Ether36,,
MKTG3610CIBE001,,,
MKTG3610CIBE001,,,
MKTG3610CIBE001,,,
MKTG3610CIBE001,,,
MKTG3610CIBE001,,,
MKTG3610CIBE001,Bundle-Ether102,,
MKTG3610CIBE001,Bundle-Ether102,,
MKTG3610CIBE001,,,
MKTG3610CIBE001,,,
MKTG3610CIBE001,,,
MKTG3610CIBE001,,,
MKTG3610CIBE002,,,
MKTG3610CIBE002,,,
MKTG3610CIBE002,,,
MKTG3610CIBE002,,,
MKTG3610CIBE002,,,
MKTG3610CIBE002,,,
MKTG3610CIBE002,,,
MKTG3610CIBE002,,,
MKTG3610CIBE002,,,
MKTG3610CIBE002,,,
MKTG3610CIBE002,Bundle-Ether31,10.205.192.201/30,2405:B800:1::84/127
MKTG3610CIBE002,Bundle-Ether10,10.205.193.114/30,2405:B800:1::D9/127
MKTG3610CIBE002,Bundle-Ether32,10.205.192.205/30,2405:B800:1::86/127
SPC00E67CIBE001,Bundle-Ether31,10.205.192.209/30,2405:B800:1::88/127
SPC00E67CIBE001,Bundle-Ether10,10.205.193.117/30,2405:B800:1::DA/127
SPC00E67CIBE001,Bundle-Ether32,10.205.192.213/30,2405:B800:1::8A/127
SPC00E67CIBE001,,,
SPC00E67CIBE001,,,
SPC00E67CIBE002,,,
SPC00E67CIBE002,,,
SPC00E67CIBE001,,,
SPC00E67CIBE001,,,
SPC00E67CIBE002,,,
SPC00E67CIBE002,,,
SPC00E67CIBE001,,,
SPC00E67CIBE001,,,
SPC00E67CIBE002,,,
SPC00E67CIBE002,,,
SPC00E67CIBE001,,,
SPC00E67CIBE001,,,
SPC00E67CIBE002,,,
SPC00E67CIBE002,,,
SPC00E67CIBE002,Bundle-Ether31,10.205.192.217/30,2405:B800:1::8C/127
SPC00E67CIBE002,Bundle-Ether10,10.205.193.118/30,2405:B800:1::DB/127
SPC00E67CIBE002,Bundle-Ether32,10.205.192.221/30,2405:B800:1::8E/127
SPC00E67CIBE001,,,
SPC00E67CIBE001,,,
SPC00E67CIBE002,,,
SPC00E67CIBE002,,,
SPC00E67CIBE001,,,
SPC00E67CIBE001,,,
SPC00E67CIBE002,,,
SPC00E67CIBE002,,,
SPC00E67CIBE001,,,
SPC00E67CIBE001,,,
SPC00E67CIBE002,,,
SPC00E67CIBE002,,,
PRQPXPRQCIBE001,Bundle-Ether31,10.205.192.225/30,2405:B800:1::90/127
PRQPXPRQCIBE001,Bundle-Ether10,10.205.193.121/30,2405:B800:1::DC/127
PRQPXPRQCIBE001,Bundle-Ether32,10.205.192.229/30,2405:B800:1::92/127
PRQPXPRQCIBE002,Bundle-Ether31,10.205.192.233/30,2405:B800:1::94/127
PRQPXPRQCIBE002,Bundle-Ether10,10.205.193.122/30,2405:B800:1::DD/127
PRQPXPRQCIBE002,Bundle-Ether32,10.205.192.237/30,2405:B800:1::96/127
PRQG0099CIBE001,Bundle-Ether31,10.205.192.241/30,2405:B800:1::98/127
PRQG0099CIBE001,Bundle-Ether10,10.205.193.125/30,2405:B800:1::DE/127
PRQG0099CIBE001,Bundle-Ether32,10.205.192.245/30,2405:B800:1::9A/127
PRQG0099CIBE002,Bundle-Ether31,10.205.192.249/30,2405:B800:1::9C/127
PRQG0099CIBE002,Bundle-Ether10,10.205.193.126/30,2405:B800:1::DF/127
PRQG0099CIBE002,Bundle-Ether32,10.205.192.253/30,2405:B800:1::9E/127
MTP00H22CIBE001,Bundle-Ether31,10.205.193.1/30,2405:B800:1::A0/127
MTP00H22CIBE001,Bundle-Ether10,10.205.193.129/30,2405:B800:1::E0/127
MTP00H22CIBE001,Bundle-Ether251,10.205.228.194/30,2405:B800:1:2000::261/127
MTP00H22CIBE001,Bundle-Ether32,10.205.193.5/30,2405:B800:1::A2/127
MTP00H22CIBE001,Bundle-Ether252,10.205.228.202/30,2405:B800:1:2000::265/127
MTP00H22CIBE001,,,
MTP00H22CIBE001,,,
MTP00H22CIBE002,,,
MTP00H22CIBE002,,,
MTP00H22CIBE002,Bundle-Ether31,10.205.193.9/30,2405:B800:1::A4/127
MTP00H22CIBE002,Bundle-Ether10,10.205.193.130/30,2405:B800:1::E1/127
MTP00H22CIBE002,Bundle-Ether251,10.205.228.198/30,2405:B800:1:2000::263/127
MTP00H22CIBE002,Bundle-Ether32,10.205.193.13/30,2405:B800:1::A6/127
MTP00H22CIBE002,Bundle-Ether252,10.205.228.206/30,2405:B800:1:2000::267/127
PRQG0049CIBE001,Bundle-Ether31,10.205.193.17/30,2405:B800:1::A8/127
PRQG0049CIBE001,Bundle-Ether10,10.205.193.133/30,2405:B800:1::E2/127
PRQG0049CIBE001,Bundle-Ether251,10.205.228.210/30,2405:B800:1:2000::269/127
PRQG0049CIBE001,Bundle-Ether32,10.205.193.21/30,2405:B800:1::AA/127
PRQG0049CIBE001,,,
PRQG0049CIBE001,,,
PRQG0049CIBE002,,,
PRQG0049CIBE002,,,
PRQG0049CIBE002,Bundle-Ether31,10.205.193.25/30,2405:B800:1::AC/127
PRQG0049CIBE002,Bundle-Ether10,10.205.193.134/30,2405:B800:1::E3/127
PRQG0049CIBE002,Bundle-Ether251,10.205.228.214/30,2405:B800:1:2000::26B/127
PRQG0049CIBE002,Bundle-Ether32,10.205.193.29/30,2405:B800:1::AE/127
TAG00H21CIBE001,Bundle-Ether31,10.205.193.57/30,2405:b800:1::bc/127
TAG00H21CIBE001,Bundle-Ether10,10.205.193.137/30,2405:B800:1::E4/127
TAG00H21CIBE001,Bundle-Ether32,10.205.193.37/30,2405:B800:1::B2/127
TAG00H21CIBE002,Bundle-Ether31,10.205.193.41/30,2405:B800:1::B4/127
TAG00H21CIBE002,Bundle-Ether10,10.205.193.138/30,2405:B800:1::E5/127
TAG00H21CIBE002,Bundle-Ether32,10.205.193.45/30,2405:B800:1::B6/127
MKTG3610CIRO001,Bundle-Ether35,10.205.193.49/30,2405:B800:1::B8/127
MKTG3610CIRO001,Bundle-Ether36,10.205.193.53/30,2405:B800:1::BA/127
MKTG3610CIRO001,Bundle-Ether35,,
MKTG3610CIRO001,Bundle-Ether36,,
MKTG3610CIRO002,Bundle-Ether35,10.205.193.65/30,2405:B800:1::C0/127
MKTG3610CIRO002,Bundle-Ether36,10.205.193.69/30,2405:B800:1::C2/127
MKTG3610CIRO002,Bundle-Ether35,,
MKTG3610CIRO002,Bundle-Ether36,,
SPC00E67CIRO001,Bundle-Ether36,,
SPC00E67CIRO001,Bundle-Ether37,,
SPC00E67CIRO001,Bundle-Ether36,10.205.193.85/30,2405:B800:1::CA/127
SPC00E67CIRO001,Bundle-Ether37,10.205.193.93/30,2405:B800:1::CE/127
SPC00E67CIRO002,Bundle-Ether36,,
SPC00E67CIRO002,Bundle-Ether37,,
SPC00E67CIRO002,Bundle-Ether36,10.205.193.101/30,2405:B800:1::D2/127
SPC00E67CIRO002,Bundle-Ether37,10.205.193.109/30,2405:B800:1::D6/127
SFUN3814CIBE001,Bundle-Ether31,10.205.196.129/30,2405:B800:1::260/127
SFUN3814CIBE001,Bundle-Ether10,10.205.197.17/30,2405:B800:1::2A8/127
SFUN3814CIBE001,Bundle-Ether251,10.205.231.34/30,2405:B800:1:2000::391/127
SFUN3814CIBE001,Bundle-Ether32,10.205.196.133/30,2405:B800:1::262/127
SFUN3814CIBE001,,,
SFUN3814CIBE001,,,
SFUN3814CIBE001,,,
SFUN3814CIBE001,,,
SFUN3814CIBE001,,,
SFUN3814CIBE001,,,
SFUN3814CIBE001,,,
SFUN3814CIBE001,,,
SFUN3814CIBE001,,,
SFUN3814CIBE001,,,
SFUN3814CIBE001,,,
SFUN3814CIBE001,,,
SFUN3814CIBE001,,,
SFUN3814CIBE001,,,
SFUN3814CIBE002,,,
SFUN3814CIBE002,,,
SFUN3814CIBE002,,,
SFUN3814CIBE002,,,
SFUN3814CIBE002,,,
SFUN3814CIBE002,,,
SFUN3814CIBE002,,,
SFUN3814CIBE002,,,
SFUN3814CIBE002,,,
SFUN3814CIBE002,,,
SFUN3814CIBE002,,,
SFUN3814CIBE002,,,
SFUN3814CIBE002,,,
SFUN3814CIBE002,,,
SFUN3814CIBE002,Bundle-Ether31,10.205.196.137/30,2405:B800:1::264/127
SFUN3814CIBE002,Bundle-Ether10,10.205.197.18/30,2405:B800:1::2A9/127
SFUN3814CIBE002,Bundle-Ether251,10.205.231.38/30,2405:B800:1:2000::393/127
SFUN3814CIBE002,Bundle-Ether32,10.205.196.141/30,2405:B800:1::266/127
CKLN8004CIBE001,Bundle-Ether31,10.205.194.1/30,2405:B800:1::120/127
CKLN8004CIBE001,Bundle-Ether10,10.205.197.21/30,2405:B800:1::2AA/127
CKLN8004CIBE001,Bundle-Ether251,10.205.230.210/30,2405:B800:1:2000::369/127
CKLN8004CIBE001,Bundle-Ether32,10.205.194.5/30,2405:B800:1::122/127
CKLN8004CIBE001,,,
CKLN8004CIBE001,,,
CKLN8004CIBE001,,,
CKLN8004CIBE001,,,
CKLN8004CIBE001,,,
CKLN8004CIBE001,,,
CKLN8004CIBE001,,,
CKLN8004CIBE001,,,
CKLN8004CIBE002,,,
CKLN8004CIBE002,,,
CKLN8004CIBE002,,,
CKLN8004CIBE002,,,
CKLN8004CIBE002,Bundle-Ether31,10.205.194.9/30,2405:B800:1::124/127
CKLN8004CIBE002,Bundle-Ether10,10.205.197.22/30,2405:B800:1::2AB/127
CKLN8004CIBE002,Bundle-Ether251,10.205.230.214/30,2405:B800:1:2000::36B/127
CKLN8004CIBE002,Bundle-Ether32,10.205.194.13/30,2405:B800:1::126/127
SUB00527CIBE001,Bundle-Ether31,10.205.194.17/30,2405:B800:1::128/127
SUB00527CIBE001,Bundle-Ether10,10.205.197.25/30,2405:B800:1::2AC/127
SUB00527CIBE001,Bundle-Ether101,10.205.224.18/30,2405:B800:1:2000::9/127
SUB00527CIBE001,Bundle-Ether251,10.205.230.234/30,2405:B800:1:2000::375/127
SUB00527CIBE001,Bundle-Ether253,10.205.231.26/30,2405:B800:1:2000::38D/127
SUB00527CIBE001,Bundle-Ether32,10.205.194.21/30,2405:B800:1::12A/127
SUB00527CIBE001,Bundle-Ether102,10.205.224.26/30,2405:B800:1:2000::D/127
SUB00527CIBE001,Bundle-Ether252,10.205.231.10/30,2405:B800:1:2000::385/127
SUB00527CIBE001,Bundle-Ether254,10.205.231.42/30,2405:B800:1:2000::395/127
SUB00527CIBE002,Bundle-Ether31,10.205.194.25/30,2405:B800:1::12C/127
SUB00527CIBE002,Bundle-Ether10,10.205.197.26/30,2405:B800:1::2AD/127
SUB00527CIBE002,Bundle-Ether101,10.205.224.22/30,2405:B800:1:2000::B/127
SUB00527CIBE002,Bundle-Ether251,10.205.230.238/30,2405:B800:1:2000::377/127
SUB00527CIBE002,Bundle-Ether253,10.205.231.30/30,2405:B800:1:2000::38F/127
SUB00527CIBE002,Bundle-Ether32,10.205.194.29/30,2405:B800:1::12E/127
SUB00527CIBE002,Bundle-Ether102,10.205.224.30/30,2405:B800:1:2000::F/127
SUB00527CIBE002,Bundle-Ether252,10.205.231.14/30,2405:B800:1:2000::387/127
SUB00527CIBE002,Bundle-Ether254,10.205.231.46/30,2405:B800:1:2000::397/127
MLLN3874CIBE001,Bundle-Ether31,10.205.194.33/30,2405:B800:1::130/127
MLLN3874CIBE001,Bundle-Ether10,10.205.197.29/30,2405:B800:1::2AE/127
MLLN3874CIBE001,Bundle-Ether101,10.205.224.98/30,2405:B800:1:2000::31/127
MLLN3874CIBE001,Bundle-Ether251,10.205.230.194/30,2405:B800:1:2000::361/127
MLLN3874CIBE001,Bundle-Ether253,10.205.231.2/30,2405:B800:1:2000::381/127
MLLN3874CIBE001,Bundle-Ether32,10.205.194.37/30,2405:B800:1::132/127
MLLN3874CIBE001,Bundle-Ether102,10.205.224.106/30,2405:B800:1:2000::35/127
MLLN3874CIBE001,Bundle-Ether252,10.205.230.226/30,2405:B800:1:2000::371/127
MLLN3874CIBE001,,,
MLLN3874CIBE001,,,
MLLN3874CIBE001,,,
MLLN3874CIBE001,,,
MLLN3874CIBE001,,,
MLLN3874CIBE002,Bundle-Ether31,10.205.194.41/30,2405:B800:1::134/127
MLLN3874CIBE002,Bundle-Ether10,10.205.197.30/30,2405:B800:1::2AF/127
MLLN3874CIBE002,Bundle-Ether101,10.205.224.102/30,2405:B800:1:2000::33/127
MLLN3874CIBE002,Bundle-Ether251,10.205.230.198/30,2405:B800:1:2000::363/127
MLLN3874CIBE002,Bundle-Ether253,10.205.231.6/30,2405:B800:1:2000::383/127
MLLN3874CIBE002,Bundle-Ether32,10.205.194.45/30,2405:B800:1::136/127
MLLN3874CIBE002,Bundle-Ether102,10.205.224.110/30,2405:B800:1:2000::37/127
MLLN3874CIBE002,Bundle-Ether252,10.205.230.230/30,2405:B800:1:2000::373/127
MLLN3874CIBE002,,,
MLLN3874CIBE002,,,
MLLN3874CIBE002,,,
MLLN3874CIBE002,,,
LAGN3816CIBE001,Bundle-Ether31,10.205.196.145/30,2405:B800:1::268/127
LAGN3816CIBE001,Bundle-Ether10,10.205.197.33/30,2405:B800:1::2B0/127
LAGN3816CIBE001,Bundle-Ether251,10.205.230.218/30,2405:B800:1:2000::36D/127
LAGN3816CIBE001,Bundle-Ether32,10.205.196.149/30,2405:B800:1::26A/127
LAGN3816CIBE001,Bundle-Ether252,10.205.230.250/30,2405:B800:1:2000::37D/127
LAGN3816CIBE002,Bundle-Ether31,10.205.196.153/30,2405:B800:1::26C/127
LAGN3816CIBE002,Bundle-Ether10,10.205.197.34/30,2405:B800:1::2B1/127
LAGN3816CIBE002,Bundle-Ether251,10.205.230.222/30,2405:B800:1:2000::36F/127
LAGN3816CIBE002,Bundle-Ether32,10.205.196.157/30,2405:B800:1::26E/127
LAGN3816CIBE002,Bundle-Ether252,10.205.230.254/30,2405:B800:1:2000::37F/127
BLL00O74CIBE001,Bundle-Ether31,10.205.196.161/30,2405:B800:1::270/127
BLL00O74CIBE001,Bundle-Ether10,10.205.197.37/30,2405:B800:1::2B2/127
BLL00O74CIBE001,Bundle-Ether251,10.205.230.242/30,2405:B800:1:2000::379/127
BLL00O74CIBE001,Bundle-Ether32,10.205.196.165/30,2405:B800:1::272/127
BLL00O74CIBE002,Bundle-Ether31,10.205.196.169/30,2405:B800:1::274/127
BLL00O74CIBE002,Bundle-Ether10,10.205.197.38/30,2405:B800:1::2B3/127
BLL00O74CIBE002,Bundle-Ether251,10.205.230.246/30,2405:B800:1:2000::37B/127
BLL00O74CIBE002,Bundle-Ether32,10.205.196.173/30,2405:B800:1::276/127
SFPN3827CIBE0001,Bundle-Ether31,10.205.194.49/30,2405:B800:1::138/127
SFPN3827CIBE0001,Bundle-Ether10,10.205.197.41/30,2405:B800:1::2B4/127
SFPN3827CIBE0001,Bundle-Ether101,10.205.224.2/30,2405:B800:1:2000::1/127
SFPN3827CIBE0001,Bundle-Ether32,10.205.194.53/30,2405:B800:1::13A/127
SFPN3827CIBE0001,Bundle-Ether102,10.205.224.10/30,2405:B800:1:2000::5/127
SFPN3827CIBE0001,,,
SFPN3827CIBE0001,,,
SFPN3827CIBE0001,,,
SFPN3827CIBE0001,,,
SFPN3827CIBE0002,,,
SFPN3827CIBE0002,,,
SFPN3827CIBE0002,,,
SFPN3827CIBE0002,,,
SFPN3827CIBE0001,,,
SFPN3827CIBE0001,,,
SFPN3827CIBE0001,,,
SFPN3827CIBE0001,,,
SFPN3827CIBE0002,,,
SFPN3827CIBE0002,,,
SFPN3827CIBE0002,,,
SFPN3827CIBE0002,,,
SFPN3827CIBE0002,Bundle-Ether31,10.205.194.57/30,2405:B800:1::13C/127
SFPN3827CIBE0002,Bundle-Ether10,10.205.197.42/30,2405:B800:1::2B5/127
SFPN3827CIBE0002,Bundle-Ether101,10.205.224.6/30,2405:B800:1:2000::3/127
SFPN3827CIBE0002,Bundle-Ether32,10.205.194.61/30,2405:B800:1::13E/127
SFPN3827CIBE0002,Bundle-Ether102,10.205.224.14/30,2405:B800:1:2000::7/127
TRCN3821CIBE001,Bundle-Ether31,10.205.196.177/30,2405:B800:1::278/127
TRCN3821CIBE001,Bundle-Ether10,10.205.197.45/30,2405:B800:1::2B6/127
TRCN3821CIBE001,Bundle-Ether101,10.205.224.66/30,2405:B800:1:2000::21/127
TRCN3821CIBE001,Bundle-Ether251,10.205.231.50/30,2405:B800:1:2000::399/127
TRCN3821CIBE001,Bundle-Ether32,10.205.196.181/30,2405:B800:1::27A/127
TRCN3821CIBE001,Bundle-Ether102,10.205.224.74/30,2405:B800:1:2000::25/127
TRCN3821CIBE002,Bundle-Ether31,10.205.196.185/30,2405:B800:1::27C/127
TRCN3821CIBE002,Bundle-Ether10,10.205.197.46/30,2405:B800:1::2B7/127
TRCN3821CIBE002,Bundle-Ether101,10.205.224.70/30,2405:B800:1:2000::23/127
TRCN3821CIBE002,Bundle-Ether251,10.205.231.54/30,2405:B800:1:2000::39B/127
TRCN3821CIBE002,Bundle-Ether32,10.205.196.189/30,2405:B800:1::27E/127
TRCN3821CIBE002,Bundle-Ether102,10.205.224.78/30,2405:B800:1:2000::27/127
DGPN3809CIBE001,Bundle-Ether31,10.205.196.193/30,2405:B800:1::280/127
DGPN3809CIBE001,Bundle-Ether10,10.205.197.49/30,2405:B800:1::2B8/127
DGPN3809CIBE001,Bundle-Ether101,10.205.224.82/30,2405:B800:1:2000::29/127
DGPN3809CIBE001,Bundle-Ether251,10.205.231.66/30,2405:B800:1:2000::3A1/127
DGPN3809CIBE001,Bundle-Ether32,10.205.196.197/30,2405:B800:1::282/127
DGPN3809CIBE001,Bundle-Ether102,10.205.224.90/30,2405:B800:1:2000::2D/127
DGPN3809CIBE001,,,
DGPN3809CIBE001,,,
DGPN3809CIBE001,,,
DGPN3809CIBE001,,,
DGPN3809CIBE002,Bundle-Ether31,10.205.196.201/30,2405:B800:1::284/127
DGPN3809CIBE002,Bundle-Ether10,10.205.197.50/30,2405:B800:1::2B9/127
DGPN3809CIBE002,Bundle-Ether101,10.205.224.86/30,2405:B800:1:2000::2B/127
DGPN3809CIBE002,Bundle-Ether251,10.205.231.70/30,2405:B800:1:2000::3A3/127
DGPN3809CIBE002,Bundle-Ether32,10.205.196.205/30,2405:B800:1::286/127
DGPN3809CIBE002,Bundle-Ether102,10.205.224.94/30,2405:B800:1:2000::2F/127
DGPN3809CIBE002,,,
DGPN3809CIBE002,,,
DGPN3809CIBE002,,,
DGPN3809CIBE002,,,
CAB06118CIBE001,Bundle-Ether31,10.205.196.209/30,2405:B800:1::288/127
CAB06118CIBE001,Bundle-Ether10,10.205.197.53/30,2405:B800:1::2BA/127
CAB06118CIBE001,Bundle-Ether101,10.205.224.50/30,2405:B800:1:2000::19/127
CAB06118CIBE001,Bundle-Ether251,10.205.230.202/30,2405:B800:1:2000::365/127
CAB06118CIBE001,Bundle-Ether32,10.205.196.213/30,2405:B800:1::28A/127
CAB06118CIBE001,Bundle-Ether102,10.205.224.58/30,2405:B800:1:2000::1D/127
CAB06118CIBE001,,,
CAB06118CIBE001,,,
CAB06118CIBE001,,,
CAB06118CIBE001,,,
CAB06118CIBE001,,,
CAB06118CIBE001,,,
CAB06118CIBE002,Bundle-Ether31,10.205.196.217/30,2405:B800:1::28C/127
CAB06118CIBE002,Bundle-Ether10,10.205.197.54/30,2405:B800:1::2BB/127
CAB06118CIBE002,Bundle-Ether101,10.205.224.54/30,2405:B800:1:2000::1B/127
CAB06118CIBE002,Bundle-Ether251,10.205.230.206/30,2405:B800:1:2000::367/127
CAB06118CIBE002,Bundle-Ether32,10.205.196.221/30,2405:B800:1::28E/127
CAB06118CIBE002,Bundle-Ether102,10.205.224.62/30,2405:B800:1:2000::1F/127
CAB06118CIBE002,,,
CAB06118CIBE002,,,
CAB06118CIBE002,,,
CAB06118CIBE002,,,
CAB06118CIBE002,,,
CAB06118CIBE002,,,
PLA00554CIBE001,Bundle-Ether31,10.205.194.65/30,2405:B800:1::140/127
PLA00554CIBE001,Bundle-Ether10,10.205.197.57/30,2405:B800:1::2BC/127
PLA00554CIBE001,Bundle-Ether251,10.205.231.18/30,2405:B800:1:2000::389/127
PLA00554CIBE001,Bundle-Ether32,10.205.194.69/30,2405:B800:1::142/127
PLA00554CIBE002,Bundle-Ether31,10.205.194.73/30,2405:B800:1::144/127
PLA00554CIBE002,Bundle-Ether10,10.205.197.58/30,2405:B800:1::2BD/127
PLA00554CIBE002,Bundle-Ether251,10.205.231.22/30,2405:B800:1:2000::38B/127
PLA00554CIBE002,Bundle-Ether32,10.205.194.77/30,2405:B800:1::146/127
BAL06114CIBE001,Bundle-Ether31,10.205.194.81/30,2405:B800:1::148/127
BAL06114CIBE001,Bundle-Ether10,10.205.197.61/30,2405:B800:1::2BE/127
BAL06114CIBE001,Bundle-Ether32,10.205.194.85/30,2405:B800:1::14A/127
BAL06114CIBE002,Bundle-Ether31,10.205.194.89/30,2405:B800:1::14C/127
BAL06114CIBE002,Bundle-Ether10,10.205.197.62/30,2405:B800:1::2BF/127
BAL06114CIBE002,Bundle-Ether32,10.205.194.93/30,2405:B800:1::14E/127
VGN00C15CIBE001,Bundle-Ether31,10.205.196.225/30,2405:B800:1::290/127
VGN00C15CIBE001,Bundle-Ether10,10.205.197.65/30,2405:B800:1::2C0/127
VGN00C15CIBE001,Bundle-Ether32,10.205.196.229/30,2405:B800:1::292/127
VGN00C15CIBE002,Bundle-Ether31,10.205.196.233/30,2405:B800:1::294/127
VGN00C15CIBE002,Bundle-Ether10,10.205.197.66/30,2405:B800:1::2C1/127
VGN00C15CIBE002,Bundle-Ether32,10.205.196.237/30,2405:B800:1::296/127
TUGN8519CIBE001,Bundle-Ether31,10.205.196.241/30,2405:B800:1::298/127
TUGN8519CIBE001,Bundle-Ether10,10.205.197.69/30,2405:B800:1::2C2/127
TUGN8519CIBE001,Bundle-Ether251,10.205.231.58/30,2405:B800:1:2000::39D/127
TUGN8519CIBE001,Bundle-Ether32,10.205.196.245/30,2405:B800:1::29A/127
TUGN8519CIBE002,Bundle-Ether31,10.205.196.249/30,2405:B800:1::29C/127
TUGN8519CIBE002,Bundle-Ether10,10.205.197.70/30,2405:B800:1::2C3/127
TUGN8519CIBE002,Bundle-Ether251,10.205.231.62/30,2405:B800:1:2000::39F/127
TUGN8519CIBE002,Bundle-Ether32,10.205.196.253/30,2405:B800:1::29E/127
BGO05352CIBE001,Bundle-Ether31,10.205.197.1/30,2405:B800:1::2A0/127
BGO05352CIBE001,Bundle-Ether10,10.205.197.73/30,2405:B800:1::2C4/127
BGO05352CIBE001,Bundle-Ether101,10.205.224.114/30,2405:B800:1:2000::39/127
BGO05352CIBE001,Bundle-Ether32,10.205.197.5/30,2405:B800:1::2A2/127
BGO05352CIBE001,Bundle-Ether102,10.205.224.122/30,2405:B800:1:2000::3D/127
BGO05352CIBE002,Bundle-Ether31,10.205.197.9/30,2405:B800:1::2A4/127
BGO05352CIBE002,Bundle-Ether10,10.205.197.74/30,2405:B800:1::2C5/127
BGO05352CIBE002,Bundle-Ether101,10.205.224.118/30,2405:B800:1:2000::3B/127
BGO05352CIBE002,Bundle-Ether32,10.205.197.13/30,2405:B800:1::2A6/127
BGO05352CIBE002,Bundle-Ether102,10.205.224.126/30,2405:B800:1:2000::3F/127
KAWS0016CIBE001,Bundle-Ether31,10.205.195.65/30,2405:B800:1::1C0/127
KAWS0016CIBE001,Bundle-Ether10,10.205.198.65/30,2405:B800:1::340/127
KAWS0016CIBE001,Bundle-Ether103,10.205.226.194/30,2405:B800:1:2000::161/127
KAWS0016CIBE001,Bundle-Ether251,10.205.232.214/30,2405:B800:1:2000::46D/127
KAWS0016CIBE001,Bundle-Ether32,10.205.195.69/30,2405:B800:1::1C2/127
KAWS0016CIBE001,PLDT Sampaloc,P-2,PLDT_Sampaloc_P-2
KAWS0016CIBE001,Bundle-Ether104,10.205.226.202/30,2405:B800:1:2000::165/127
KAWS0016CIBE001,Bundle-Ether252,10.205.232.238/30,2405:B800:1:2000::479/127
KAWS0016CIBE002,Bundle-Ether111,10.205.234.206/30,2405:b800:1:2000::565/127
KAWS0016CIBE001,Bundle-Ether111,10.205.234.210/30,2405:b800:1:2000::567/127
KAWS0016CIBE001,,,
KAWS0016CIBE001,,,
KAWS0016CIBE001,Bundle-Ether109,10.205.227.18/30,2405:b800:1:2000::189/127
KAWS0016CIBE002,Bundle-Ether109,10.205.227.22/30,2405:b800:1:2000::18b/127
KAWS0016CIBE001,Bundle-Ether110,10.205.227.26/30,2405:b800:1:2000::18d/127
KAWS0016CIBE002,Bundle-Ether110,10.205.227.30/30,2405:b800:1:2000::18f/127
KAWS0016CIBE002,,,
KAWS0016CIBE002,,,
KAWS0016CIBE001,,,
KAWS0016CIBE001,,,
KAWS0016CIBE002,,,
KAWS0016CIBE002,,,
KAWS0016CIBE002,Bundle-Ether31,10.205.195.73/30,2405:B800:1::1C4/127
KAWS0016CIBE002,Bundle-Ether10,10.205.198.66/30,2405:B800:1::341/127
KAWS0016CIBE002,Bundle-Ether103,10.205.226.198/30,2405:B800:1:2000::163/127
KAWS0016CIBE002,Bundle-Ether251,10.205.232.218/30,2405:B800:1:2000::46F/127
KAWS0016CIBE002,Bundle-Ether32,10.205.195.77/30,2405:B800:1::1C6/127
KAWS0016CIBE002,Bundle-Ether104,10.205.226.206/30,2405:B800:1:2000::167/127
KAWS0016CIBE002,Bundle-Ether252,10.205.232.242/30,2405:B800:1:2000::47B/127
KAWS0016CIBE001,Bundle-Ether253,10.205.234.198/30,2405:b800:0001:2000:0000:0000:0000:0561/127
KAWS0016CIBE002,Bundle-Ether253,10.205.234.202/30,2405:b800:0001:2000:0000:0000:0000:0563/127
BCR00S33CICN001,Bundle-Ether10,10.205.227.229/30,2405:b800:1:2000::1f2/127
BCR00S33CICN001,Bundle-Ether101,10.205.227.17/30,2405:b800:1:2000::188/127
BCR00S33CICN001,Bundle-Ether102,10.205.227.21/30,2405:b800:1:2000::18a/127
BCR00S33CICN002,Bundle-Ether10,10.205.227.230/30,2405:b800:1:2000::1f3/127
BCR00S33CICN002,Bundle-Ether101,10.205.227.25/30,2405:b800:1:2000::18c/127
BCR00S33CICN002,Bundle-Ether102,10.205.227.29/30,2405:b800:1:2000::18e/127
CLAS3548CIBE001,Bundle-Ether31,10.205.197.193/30,2405:B800:1::300/127
CLAS3548CIBE001,Bundle-Ether10,10.205.198.69/30,2405:B800:1::342/127
CLAS3548CIBE001,Bundle-Ether101,10.205.226.18/30,2405:B800:1:2000::109/127
CLAS3548CIBE001,Bundle-Ether103,10.205.226.34/30,2405:B800:1:2000::111/127
CLAS3548CIBE001,Bundle-Ether107,10.205.226.66/30,2405:B800:1:2000::121/127
CLAS3548CIBE001,Bundle-Ether109,10.205.227.66/30,2405:B800:1:2000::1A1/127
CLAS3548CIBE001,Bundle-Ether111,10.205.227.98/30,2405:B800:1:2000::1B1/127
CLAS3548CIBE001,Bundle-Ether251,10.205.232.222/30,2405:B800:1:2000::471/127
CLAS3548CIBE001,Bundle-Ether254,10.205.232.254/30,2405:B800:1:2000::481/127
CLAS3548CIBE001,Bundle-Ether256,10.205.233.14/30,2405:B800:1:2000::489/127
CLAS3548CIBE001,Bundle-Ether258,10.205.233.46/30,2405:B800:1:2000::499/127
CLAS3548CIBE001,Bundle-Ether32,10.205.197.197/30,2405:B800:1::302/127
CLAS3548CIBE001,Bundle-Ether102,10.205.226.26/30,2405:B800:1:2000::10D/127
CLAS3548CIBE001,Bundle-Ether104,10.205.226.42/30,2405:B800:1:2000::115/127
CLAS3548CIBE001,Bundle-Ether108,10.205.226.74/30,2405:B800:1:2000::125/127
CLAS3548CIBE001,Bundle-Ether110,10.205.227.74/30,2405:B800:1:2000::1A5/127
CLAS3548CIBE001,Bundle-Ether112,10.205.227.106/30,2405:B800:1:2000::1B5/127
CLAS3548CIBE001,Bundle-Ether252,10.205.232.230/30,2405:B800:1:2000::475/127
CLAS3548CIBE001,Bundle-Ether253,10.205.232.246/30,2405:B800:1:2000::47D/127
CLAS3548CIBE001,PLDT LAGUNA (LOS BANOS),AN-1,PLDT_LAGUNA_(LOS_BANOS)_AN-1
CLAS3548CIBE001,Bundle-Ether255,10.205.233.6/30,2405:B800:1:2000::485/127
CLAS3548CIBE001,Bundle-Ether257,10.205.233.38/30,2405:B800:1:2000::495/127
SXLPXSXLCIBE001,Bundle-Ether252,10.205.233.102/30,2405:b800:0001:2000:0000:0000:0000:04b5/127
SXLPXSXLCIBE002,Bundle-Ether252,10.205.233.106/30,2405:b800:0001:2000:0000:0000:0000:04b7/127
CLAS3548CIBE002,Bundle-Ether31,10.205.197.201/30,2405:B800:1::304/127
CLAS3548CIBE002,Bundle-Ether10,10.205.198.70/30,2405:B800:1::343/127
CLAS3548CIBE002,Bundle-Ether101,10.205.226.22/30,2405:B800:1:2000::10B/127
CLAS3548CIBE002,Bundle-Ether103,10.205.226.38/30,2405:B800:1:2000::113/127
CLAS3548CIBE002,Bundle-Ether107,10.205.226.70/30,2405:B800:1:2000::123/127
CLAS3548CIBE002,Bundle-Ether109,10.205.227.70/30,2405:B800:1:2000::1A3/127
CLAS3548CIBE002,Bundle-Ether111,10.205.227.102/30,2405:B800:1:2000::1B3/127
CLAS3548CIBE002,Bundle-Ether251,10.205.232.226/30,2405:B800:1:2000::473/127
CLAS3548CIBE002,Bundle-Ether254,10.205.233.2/30,2405:B800:1:2000::483/127
CLAS3548CIBE002,Bundle-Ether256,10.205.233.18/30,2405:B800:1:2000::48B/127
CLAS3548CIBE002,Bundle-Ether258,10.205.233.50/30,2405:B800:1:2000::49B/127
CLAS3548CIBE002,Bundle-Ether32,10.205.197.205/30,2405:B800:1::306/127
CLAS3548CIBE002,Bundle-Ether102,10.205.226.30/30,2405:B800:1:2000::10F/127
CLAS3548CIBE002,Bundle-Ether104,10.205.226.46/30,2405:B800:1:2000::117/127
CLAS3548CIBE002,Bundle-Ether108,10.205.226.78/30,2405:B800:1:2000::127/127
CLAS3548CIBE002,Bundle-Ether110,10.205.227.78/30,2405:B800:1:2000::1A7/127
CLAS3548CIBE002,Bundle-Ether112,10.205.227.110/30,2405:B800:1:2000::1B7/127
CLAS3548CIBE002,Bundle-Ether252,10.205.232.234/30,2405:B800:1:2000::477/127
CLAS3548CIBE002,Bundle-Ether253,10.205.232.250/30,2405:B800:1:2000::47F/127
CLAS3548CIBE002,Bundle-Ether255,10.205.233.10/30,2405:B800:1:2000::487/127
CLAS3548CIBE002,Bundle-Ether257,10.205.233.42/30,2405:B800:1:2000::497/127
BATS0002CIBE001,Bundle-Ether31,10.205.197.209/30,2405:B800:1::308/127
BATS0002CIBE001,Bundle-Ether10,10.205.198.73/30,2405:B800:1::344/127
BATS0002CIBE001,Bundle-Ether101,10.205.226.82/30,2405:B800:1:2000::129/127
BATS0002CIBE001,Bundle-Ether103,10.205.226.98/30,2405:B800:1:2000::131/127
BATS0002CIBE001,Bundle-Ether105,10.205.226.114/30,2405:B800:1:2000::139/127
BATS0002CIBE001,Bundle-Ether107,10.205.226.130/30,2405:B800:1:2000::141/127
BATS0002CIBE001,Bundle-Ether109,10.205.226.146/30,2405:B800:1:2000::149/127
BATS0002CIBE001,Bundle-Ether111,10.205.227.130/30,2405:B800:1:2000::1C1/127
BATS0002CIBE001,Bundle-Ether251,10.205.232.190/30,2405:B800:1:2000::461/127
BATS0002CIBE001,Bundle-Ether253,10.205.232.206/30,2405:B800:1:2000::469/127
BATS0002CIBE001,Bundle-Ether32,10.205.197.213/30,2405:B800:1::30A/127
BATS0002CIBE001,Bundle-Ether102,10.205.226.90/30,2405:B800:1:2000::12D/127
BATS0002CIBE001,Bundle-Ether104,10.205.226.106/30,2405:B800:1:2000::135/127
BATS0002CIBE001,Bundle-Ether106,10.205.226.122/30,2405:B800:1:2000::13D/127
BATS0002CIBE001,Bundle-Ether108,10.205.226.138/30,2405:B800:1:2000::145/127
BATS0002CIBE001,Bundle-Ether110,10.205.226.154/30,2405:B800:1:2000::14D/127
BATS0002CIBE001,Bundle-Ether112,10.205.227.138/30,2405:B800:1:2000::1C5/127
BATS0002CIBE001,Bundle-Ether252,10.205.232.198/30,2405:B800:1:2000::465/127
BATS0002CIBE001,,,
BATS0002CIBE001,,,
BATS0002CIBE002,,,
BATS0002CIBE002,,,
BATS0002CIBE001,,,
BATS0002CIBE001,,,
BATS0002CIBE002,,,
BATS0002CIBE002,,,
BATS0002CIBE002,Bundle-Ether31,10.205.197.217/30,2405:B800:1::30C/127
BATS0002CIBE002,Bundle-Ether10,10.205.198.74/30,2405:B800:1::345/127
BATS0002CIBE002,Bundle-Ether101,10.205.226.86/30,2405:B800:1:2000::12B/127
BATS0002CIBE002,Bundle-Ether103,10.205.226.102/30,2405:B800:1:2000::133/127
BATS0002CIBE002,Bundle-Ether105,10.205.226.118/30,2405:B800:1:2000::13B/127
BATS0002CIBE002,Bundle-Ether107,10.205.226.134/30,2405:B800:1:2000::143/127
BATS0002CIBE002,Bundle-Ether109,10.205.226.150/30,2405:B800:1:2000::14B/127
BATS0002CIBE002,Bundle-Ether111,10.205.227.134/30,2405:B800:1:2000::1C3/127
BATS0002CIBE002,Bundle-Ether251,10.205.232.194/30,2405:B800:1:2000::463/127
BATS0002CIBE002,Bundle-Ether253,10.205.232.210/30,2405:B800:1:2000::46B/127
BATS0002CIBE002,Bundle-Ether32,10.205.197.221/30,2405:B800:1::30E/127
BATS0002CIBE002,Bundle-Ether102,10.205.226.94/30,2405:B800:1:2000::12F/127
BATS0002CIBE002,Bundle-Ether104,10.205.226.110/30,2405:B800:1:2000::137/127
BATS0002CIBE002,Bundle-Ether106,10.205.226.126/30,2405:B800:1:2000::13F/127
BATS0002CIBE002,Bundle-Ether108,10.205.226.142/30,2405:B800:1:2000::147/127
BATS0002CIBE002,Bundle-Ether110,10.205.226.158/30,2405:B800:1:2000::14F/127
BATS0002CIBE002,Bundle-Ether112,10.205.227.142/30,2405:B800:1:2000::1C7/127
BATS0002CIBE002,Bundle-Ether252,10.205.232.202/30,2405:B800:1:2000::467/127
NSBS0051CIBE001,Bundle-Ether31,10.205.197.225/30,2405:B800:1::310/127
NSBS0051CIBE001,Bundle-Ether10,10.205.198.77/30,2405:B800:1::346/127
NSBS0051CIBE001,,,
NSBS0051CIBE001,Bundle-Ether101,10.205.227.50/30,2405:B800:1:2000::199/127
NSBS0051CIBE001,Bundle-Ether103,10.205.227.82/30,2405:B800:1:2000::1A9/127
NSBS0051CIBE001,Bundle-Ether251,10.205.233.22/30,2405:B800:1:2000::48D/127
NSBS0051CIBE001,Bundle-Ether32,10.205.197.229/30,2405:B800:1::312/127
NSBS0051CIBE001,Bundle-Ether102,10.205.227.58/30,2405:B800:1:2000::19D/127
NSBS0051CIBE001,Bundle-Ether104,10.205.227.90/30,2405:B800:1:2000::1AD/127
NSBS0051CIBE002,Bundle-Ether31,10.205.197.233/30,2405:B800:1::314/127
NSBS0051CIBE002,Bundle-Ether10,10.205.198.78/30,2405:B800:1::347/127
NSBS0051CIBE002,Bundle-Ether101,10.205.227.54/30,2405:B800:1:2000::19B/127
NSBS0051CIBE002,Bundle-Ether103,10.205.227.86/30,2405:B800:1:2000::1AB/127
NSBS0051CIBE002,Bundle-Ether251,10.205.233.26/30,2405:B800:1:2000::48F/127
NSBS0051CIBE002,Bundle-Ether32,10.205.197.237/30,2405:B800:1::316/127
NSBS0051CIBE002,Bundle-Ether102,10.205.227.62/30,2405:B800:1:2000::19F/127
NSBS0051CIBE002,Bundle-Ether104,10.205.227.94/30,2405:B800:1:2000::1AF/127
SXLPXSXLCIBE001,Bundle-Ether31,10.205.197.241/30,2405:B800:1::318/127
SXLPXSXLCIBE001,Bundle-Ether10,10.205.198.81/30,2405:B800:1::348/127
SXLPXSXLCIBE001,Bundle-Ether32,10.205.197.245/30,2405:B800:1::31A/127
SXLPXSXLCIBE002,Bundle-Ether31,10.205.197.249/30,2405:B800:1::31C/127
SXLPXSXLCIBE002,Bundle-Ether10,10.205.198.82/30,2405:B800:1::349/127
SXLPXSXLCIBE002,Bundle-Ether32,10.205.197.253/30,2405:B800:1::31E/127
CBY04106CIBE001,Bundle-Ether31,10.205.198.1/30,2405:B800:1::320/127
CBY04106CIBE001,Bundle-Ether10,10.205.198.85/30,2405:B800:1::34A/127
CBY04106CIBE001,Bundle-Ether101,10.205.226.2/30,2405:B800:1:2000::101/127
CBY04106CIBE001,,,
CBY04106CIBE001,Bundle-Ether103,10.205.227.34/30,2405:B800:1:2000::191/127
CBY04106CIBE001,Bundle-Ether251,10.205.233.58/30,2405:B800:1:2000::49F/127
CBY04106CIBE001,Bundle-Ether32,10.205.198.5/30,2405:B800:1::322/127
CBY04106CIBE001,Bundle-Ether102,10.205.226.10/30,2405:B800:1:2000::105/127
CBY04106CIBE001,Bundle-Ether104,10.205.227.42/30,2405:B800:1:2000::195/127
CBY04106CIBE002,Bundle-Ether31,10.205.198.9/30,2405:B800:1::324/127
CBY04106CIBE002,Bundle-Ether10,10.205.198.86/30,2405:B800:1::34B/127
CBY04106CIBE002,Bundle-Ether101,10.205.226.6/30,2405:B800:1:2000::103/127
CBY04106CIBE002,Bundle-Ether103,10.205.227.38/30,2405:B800:1:2000::193/127
CBY04106CIBE002,Bundle-Ether32,10.205.198.13/30,2405:B800:1::326/127
CBY04106CIBE002,Bundle-Ether102,10.205.226.14/30,2405:B800:1:2000::107/127
CBY04106CIBE002,Bundle-Ether104,10.205.227.46/30,2405:B800:1:2000::197/127
CBY04106CIBE002,Bundle-Ether251,10.205.233.86/30,2405:b800:1:2000::4ad/127
LCNPXLCNCIBE001,Bundle-Ether31,10.205.198.17/30,2405:B800:1::328/127
LCNPXLCNCIBE001,Bundle-Ether10,10.205.198.89/30,2405:B800:1::34C/127
LCNPXLCNCIBE001,Bundle-Ether33,NO INFO,NO INFO
LCNPXLCNCIBE001,Bundle-Ether34,NO INFO,NO INFO
LCNPXLCNCIBE001,Bundle-Ether32,10.205.198.21/30,2405:B800:1::32A/127
LCNPXLCNCIBE001,PLDT MIGRATION L2 LINK,,
LCNPXLCNCIBE001,PLDT MIGRATION L2 LINK,,
LCNPXLCNCIBE001,PLDT MIGRATION L2 LINK,N4i,
LCNPXLCNCIBE001,PLDT MIGRATION L2 LINK,N4i,
LCNPXLCNCIBE001,N4i Expansion via TNT- L2 LINK,N4i,
LCNPXLCNCIBE001,N4i Expansion via TNT- L2 LINK,N4i,
LCNPXLCNCIBE001,,,
LCNPXLCNCIBE001,,,
LCNPXLCNCIBE002,N4i Expansion via TNT- L2 LINK,N4i,
LCNPXLCNCIBE002,N4i Expansion via TNT- L2 LINK,N4i,
LCNPXLCNCIBE002,,,
LCNPXLCNCIBE002,,,
LCNPXLCNCIBE002,PLDT MIGRATION L2 LINK,,
LCNPXLCNCIBE002,PLDT MIGRATION L2 LINK,,
LCNPXLCNCIBE002,PLDT MIGRATION L2 LINK,N4i,
LCNPXLCNCIBE002,PLDT MIGRATION L2 LINK,N4i,
LCNPXLCNCIBE002,Bundle-Ether31,10.205.198.25/30,2405:B800:1::32C/127
LCNPXLCNCIBE002,Bundle-Ether10,10.205.198.90/30,2405:B800:1::34D/127
LCNPXLCNCIBE002,Bundle-Ether33,NO INFO,NO INFO
LCNPXLCNCIBE002,Bundle-Ether34,NO INFO,NO INFO
LCNPXLCNCIBE002,Bundle-Ether32,10.205.198.29/30,2405:B800:1::32E/127
LCN04117CIRO001,Bundle-Ether36,,
LCN04117CIRO001,Bundle-Ether37,,
LCN04117CIRO001,Bundle-Ether36,10.205.198.37/30,2405:B800:1::332/127
LCN04117CIRO001,Bundle-Ether37,10.205.198.45/30,2405:B800:1::336/127
LCN04117CIRO001,,,
LCN04117CIRO001,,,
LCN04117CIRO002,,,
LCN04117CIRO002,,,
LCN04117CIRO001,,,
LCN04117CIRO001,,,
LCN04117CIRO002,,,
LCN04117CIRO002,,,
LCN04117CIRO001,,,
LCN04117CIRO001,,,
LCN04117CIRO002,,,
LCN04117CIRO002,,,
LCN04117CIRO002,Bundle-Ether36,,
LCN04117CIRO002,Bundle-Ether37,,
LCN04117CIRO002,Bundle-Ether36,10.205.198.53/30,2405:B800:1::33A/127
LCN04117CIRO002,Bundle-Ether37,10.205.198.61/30,2405:B800:1::33E/127
MCT03903CICN001,Bundle-Ether101,10.205.224.1/30,2405:B800:1:2000::/127
MCT03903CICN001,Bundle-Ether10,10.205.224.129/30,2405:B800:1:2000::40/127
MCT03903CICN001,Bundle-Ether501,10.205.231.90/30,2405:B800:1:2000::3AD/127
MCT03903CICN001,Bundle-Ether102,10.205.224.5/30,2405:B800:1:2000::2/127
MCT03903CICN002,Bundle-Ether101,10.205.224.9/30,2405:B800:1:2000::4/127
MCT03903CICN002,Bundle-Ether10,10.205.224.130/30,2405:B800:1:2000::41/127
MCT03903CICN002,Bundle-Ether501,10.205.231.94/30,2405:B800:1:2000::3AF/127
MCT03903CICN002,Bundle-Ether102,10.205.224.13/30,2405:B800:1:2000::6/127
HMS00514CICN001,Bundle-Ether101,10.205.224.17/30,2405:B800:1:2000::8/127
HMS00514CICN001,Bundle-Ether10,10.205.224.133/30,2405:B800:1:2000::42/127
HMS00514CICN001,Bundle-Ether102,10.205.224.21/30,2405:B800:1:2000::A/127
HMS00514CICN002,Bundle-Ether101,10.205.224.25/30,2405:B800:1:2000::C/127
HMS00514CICN002,Bundle-Ether10,10.205.224.134/30,2405:B800:1:2000::43/127
HMS00514CICN002,Bundle-Ether102,10.205.224.29/30,2405:B800:1:2000::E/127
BLA00522CICN001,Bundle-Ether10,10.205.224.137/30,2405:B800:1:2000::44/127
SUB00527CIBE001,Bundle-Ether255,10.205.231.74/30,2405:B800:1:2000::3A5/127
BLAPXBLACICU001,Bundle-Ether501,10.205.231.82/30,2405:B800:1:2000::3A9/127
BLA00522CICN002,Bundle-Ether10,10.205.224.138/30,2405:B800:1:2000::45/127
SUB00527CIBE002,Bundle-Ether255,10.205.231.78/30,2405:B800:1:2000::3A7/127
BLAPXBLACICU001,Bundle-Ether501,10.205.231.82/30,2405:B800:1:2000::3A9/127
GPN00542CICN001,Bundle-Ether101,10.205.224.49/30,2405:B800:1:2000::18/127
GPN00542CICN001,Bundle-Ether10,10.205.224.141/30,2405:B800:1:2000::46/127
GPN00542CICN001,Bundle-Ether102,10.205.224.53/30,2405:B800:1:2000::1A/127
GPN00542CICN002,Bundle-Ether101,10.205.224.57/30,2405:B800:1:2000::1C/127
GPN00542CICN002,Bundle-Ether10,10.205.224.142/30,2405:B800:1:2000::47/127
GPN00542CICN002,Bundle-Ether102,10.205.224.61/30,2405:B800:1:2000::1E/127
CML00549CICN001,Bundle-Ether101,10.205.224.65/30,2405:B800:1:2000::20/127
CML00549CICN001,Bundle-Ether10,10.205.224.145/30,2405:B800:1:2000::48/127
CML00549CICN001,Bundle-Ether102,10.205.224.69/30,2405:B800:1:2000::22/127
CML00549CICN002,Bundle-Ether101,10.205.224.73/30,2405:B800:1:2000::24/127
CML00549CICN002,Bundle-Ether10,10.205.224.146/30,2405:B800:1:2000::49/127
CML00549CICN002,Bundle-Ether102,10.205.224.77/30,2405:B800:1:2000::26/127
ALM00C07CICN001,Bundle-Ether101,10.205.224.81/30,2405:B800:1:2000::28/127
ALM00C07CICN001,Bundle-Ether10,10.205.224.149/30,2405:B800:1:2000::4A/127
ALM00C07CICN001,Bundle-Ether102,10.205.224.85/30,2405:B800:1:2000::2A/127
ALM00C07CICN002,Bundle-Ether101,10.205.224.89/30,2405:B800:1:2000::2C/127
ALM00C07CICN002,Bundle-Ether10,10.205.224.150/30,2405:B800:1:2000::4B/127
ALM00C07CICN002,Bundle-Ether102,10.205.224.93/30,2405:B800:1:2000::2E/127
SJB00O98CICN001,Bundle-Ether101,10.205.224.97/30,2405:B800:1:2000::30/127
SJB00O98CICN001,Bundle-Ether10,10.205.224.153/30,2405:B800:1:2000::4C/127
SJB00O98CICN001,Bundle-Ether102,10.205.224.101/30,2405:B800:1:2000::32/127
SJB00O98CICN002,Bundle-Ether101,10.205.224.105/30,2405:B800:1:2000::34/127
SJB00O98CICN002,Bundle-Ether10,10.205.224.154/30,2405:B800:1:2000::4D/127
SJB00O98CICN002,Bundle-Ether102,10.205.224.109/30,2405:B800:1:2000::36/127
BGO00V61CICN001,Bundle-Ether101,10.205.224.113/30,2405:B800:1:2000::38/127
BGO00V61CICN001,Bundle-Ether10,10.205.224.157/30,2405:B800:1:2000::4E/127
BGO00V61CICN001,Bundle-Ether102,10.205.224.117/30,2405:B800:1:2000::3A/127
BGO00V61CICN002,Bundle-Ether101,10.205.224.121/30,2405:B800:1:2000::3C/127
BGO00V61CICN002,Bundle-Ether10,10.205.224.158/30,2405:B800:1:2000::4F/127
BGO00V61CICN002,Bundle-Ether102,10.205.224.125/30,2405:B800:1:2000::3E/127
SPR04119CICN001,Bundle-Ether101,10.205.226.1/30,2405:B800:1:2000::100/127
SPR04119CICN001,Bundle-Ether10,10.205.227.161/30,2405:B800:1:2000::1D0/127
SPR04119CICN001,Bundle-Ether102,10.205.226.5/30,2405:B800:1:2000::102/127
SPR04119CICN002,Bundle-Ether101,10.205.226.9/30,2405:B800:1:2000::104/127
SPR04119CICN002,Bundle-Ether10,10.205.227.162/30,2405:B800:1:2000::1D1/127
SPR04119CICN002,Bundle-Ether102,10.205.226.13/30,2405:B800:1:2000::106/127
CMN05702CICN001,Bundle-Ether101,10.205.226.17/30,2405:B800:1:2000::108/127
CMN05702CICN001,Bundle-Ether10,10.205.227.165/30,2405:B800:1:2000::1D2/127
CMN05702CICN001,Bundle-Ether102,10.205.226.21/30,2405:B800:1:2000::10A/127
CMN05702CICN002,Bundle-Ether101,10.205.226.25/30,2405:B800:1:2000::10C/127
CMN05702CICN002,Bundle-Ether10,10.205.227.166/30,2405:B800:1:2000::1D3/127
CMN05702CICN002,Bundle-Ether102,10.205.226.29/30,2405:B800:1:2000::10E/127
SPL00605CICN001,Bundle-Ether101,10.205.226.33/30,2405:B800:1:2000::110/127
SPL00605CICN001,Bundle-Ether10,10.205.227.169/30,2405:B800:1:2000::1D4/127
SPL00605CICN001,Bundle-Ether102,10.205.226.37/30,2405:B800:1:2000::112/127
SPL00605CICN002,Bundle-Ether101,10.205.226.41/30,2405:B800:1:2000::114/127
SPL00605CICN002,Bundle-Ether10,10.205.227.170/30,2405:B800:1:2000::1D5/127
SPL00605CICN002,Bundle-Ether102,10.205.226.45/30,2405:B800:1:2000::116/127
BAY00625CICN001,Bundle-Ether101,10.205.226.65/30,2405:B800:1:2000::120/127
BAY00625CICN001,Bundle-Ether10,10.205.227.177/30,2405:B800:1:2000::1D8/127
BAY00625CICN001,Bundle-Ether102,10.205.226.69/30,2405:B800:1:2000::122/127
BAY00625CICN002,Bundle-Ether101,10.205.226.73/30,2405:B800:1:2000::124/127
BAY00625CICN002,Bundle-Ether10,10.205.227.178/30,2405:B800:1:2000::1D9/127
BAY00625CICN002,Bundle-Ether102,10.205.226.77/30,2405:B800:1:2000::126/127
ROS00B09CICN001,Bundle-Ether101,10.205.226.81/30,2405:B800:1:2000::128/127
ROS00B09CICN001,Bundle-Ether10,10.205.227.181/30,2405:B800:1:2000::1DA/127
ROS00B09CICN001,Bundle-Ether102,10.205.226.85/30,2405:B800:1:2000::12A/127
ROS00B09CICN002,Bundle-Ether101,10.205.226.89/30,2405:B800:1:2000::12C/127
ROS00B09CICN002,Bundle-Ether10,10.205.227.182/30,2405:B800:1:2000::1DB/127
ROS00B09CICN002,Bundle-Ether102,10.205.226.93/30,2405:B800:1:2000::12E/127
LIPS0014CICN001,Bundle-Ether101,10.205.226.97/30,2405:B800:1:2000::130/127
LIPS0014CICN001,Bundle-Ether10,10.205.227.185/30,2405:B800:1:2000::1DC/127
LIPS0014CICN001,Bundle-Ether501,10.205.233.70/30,2405:B800:1:2000::4A5/127
LIPS0014CICN001,Bundle-Ether102,10.205.226.101/30,2405:B800:1:2000::132/127
LIPS0014CICN002,Bundle-Ether101,10.205.226.105/30,2405:B800:1:2000::134/127
LIPS0014CICN002,Bundle-Ether10,10.205.227.186/30,2405:B800:1:2000::1DD/127
LIPS0014CICN002,Bundle-Ether501,10.205.233.74/30,2405:B800:1:2000::4A7/127
LIPS0014CICN002,Bundle-Ether102,10.205.226.109/30,2405:B800:1:2000::136/127
IBN00B02CICN001,Bundle-Ether101,10.205.226.113/30,2405:B800:1:2000::138/127
IBN00B02CICN001,Bundle-Ether10,10.205.227.189/30,2405:B800:1:2000::1DE/127
IBN00B02CICN001,Bundle-Ether102,10.205.226.117/30,2405:B800:1:2000::13A/127
IBN00B02CICN002,Bundle-Ether101,10.205.226.121/30,2405:B800:1:2000::13C/127
IBN00B02CICN002,Bundle-Ether10,10.205.227.190/30,2405:B800:1:2000::1DF/127
IBN00B02CICN002,Bundle-Ether102,10.205.226.125/30,2405:B800:1:2000::13E/127
SJE00B06CICN001,Bundle-Ether101,10.205.226.129/30,2405:B800:1:2000::140/127
SJE00B06CICN001,Bundle-Ether10,10.205.227.193/30,2405:B800:1:2000::1E0/127
SJE00B06CICN001,Bundle-Ether102,10.205.226.133/30,2405:B800:1:2000::142/127
SJE00B06CICN002,Bundle-Ether101,10.205.226.137/30,2405:B800:1:2000::144/127
SJE00B06CICN002,Bundle-Ether10,10.205.227.194/30,2405:B800:1:2000::1E1/127
SJE00B06CICN002,Bundle-Ether102,10.205.226.141/30,2405:B800:1:2000::146/127
BAT00B04CICN001,Bundle-Ether101,10.205.226.145/30,2405:B800:1:2000::148/127
BAT00B04CICN001,Bundle-Ether10,10.205.227.197/30,2405:B800:1:2000::1E2/127
BAT00B04CICN001,Bundle-Ether102,10.205.226.149/30,2405:B800:1:2000::14A/127
BAT00B04CICN002,Bundle-Ether101,10.205.226.153/30,2405:B800:1:2000::14C/127
BAT00B04CICN002,Bundle-Ether10,10.205.227.198/30,2405:B800:1:2000::1E3/127
BAT00B04CICN002,Bundle-Ether102,10.205.226.157/30,2405:B800:1:2000::14E/127
TGT00610CICN001,Bundle-Ether10,10.205.227.205/30,2405:B800:1:2000::1E6/127
TGT00610CICN001,Bundle-Ether501,10.205.233.94/30,2405:B800:1:2000::4B1/127
TGT00610CICN002,Bundle-Ether10,10.205.227.206/30,2405:B800:1:2000::1E7/127
TGT00610CICN002,Bundle-Ether501,10.205.233.98/30,2405:B800:1:2000::4B3/127
IMU00638CICN001,Bundle-Ether101,10.205.226.193/30,2405:B800:1:2000::160/127
IMU00638CICN001,Bundle-Ether10,10.205.227.209/30,2405:B800:1:2000::1E8/127
IMU00638CICN001,Bundle-Ether102,10.205.226.197/30,2405:B800:1:2000::162/127
IMU00638CICN002,Bundle-Ether101,10.205.226.201/30,2405:B800:1:2000::164/127
IMU00638CICN002,Bundle-Ether10,10.205.227.210/30,2405:B800:1:2000::1E9/127
IMU00638CICN002,Bundle-Ether102,10.205.226.205/30,2405:B800:1:2000::166/127
IMUS3559CICN001,Bundle-Ether10,10.205.227.213/30,2405:B800:1:2000::1EA/127
IMUS3559CICN002,Bundle-Ether10,10.205.227.214/30,2405:B800:1:2000::1EB/127
NACS3561CICN001,Bundle-Ether10,10.205.227.217/30,2405:B800:1:2000::1EC/127
NACS3561CICN001,Bundle-Ether501,10.205.233.78/30,2405:B800:1:2000::4A9/127
NACS3561CICN002,Bundle-Ether10,10.205.227.218/30,2405:B800:1:2000::1ED/127
NACS3561CICN002,Bundle-Ether501,10.205.233.82/30,2405:B800:1:2000::4AB/127
TMSS3565CICN001,Bundle-Ether10,10.205.227.225/30,2405:B800:1:2000::1F0/127
TMSS3565CICN002,Bundle-Ether10,10.205.227.226/30,2405:B800:1:2000::1F1/127
SPR00683CICN001,Bundle-Ether101,10.205.227.33/30,2405:B800:1:2000::190/127
SPR00683CICN001,Bundle-Ether10,10.205.227.233/30,2405:B800:1:2000::1F4/127
SPR00683CICN001,Bundle-Ether102,10.205.227.37/30,2405:B800:1:2000::192/127
SPR00683CICN002,Bundle-Ether101,10.205.227.41/30,2405:B800:1:2000::194/127
SPR00683CICN002,Bundle-Ether10,10.205.227.234/30,2405:B800:1:2000::1F5/127
SPR00683CICN002,Bundle-Ether102,10.205.227.45/30,2405:B800:1:2000::196/127
LEM00Q29CICN001,Bundle-Ether101,10.205.227.49/30,2405:B800:1:2000::198/127
LEM00Q29CICN001,Bundle-Ether10,10.205.227.237/30,2405:B800:1:2000::1F6/127
LEM00Q29CICN001,Bundle-Ether102,10.205.227.53/30,2405:B800:1:2000::19A/127
LEM00Q29CICN002,Bundle-Ether101,10.205.227.57/30,2405:B800:1:2000::19C/127
LEM00Q29CICN002,Bundle-Ether10,10.205.227.238/30,2405:B800:1:2000::1F7/127
LEM00Q29CICN002,Bundle-Ether102,10.205.227.61/30,2405:B800:1:2000::19E/127
SRO00Q34CICN001,Bundle-Ether101,10.205.227.65/30,2405:B800:1:2000::1A0/127
SRO00Q34CICN001,Bundle-Ether10,10.205.227.241/30,2405:B800:1:2000::1F8/127
SRO00Q34CICN001,Bundle-Ether102,10.205.227.69/30,2405:B800:1:2000::1A2/127
SRO00Q34CICN002,Bundle-Ether101,10.205.227.73/30,2405:B800:1:2000::1A4/127
SRO00Q34CICN002,Bundle-Ether10,10.205.227.242/30,2405:B800:1:2000::1F9/127
SRO00Q34CICN002,Bundle-Ether102,10.205.227.77/30,2405:B800:1:2000::1A6/127
LIAS0749CICN001,Bundle-Ether101,10.205.227.81/30,2405:B800:1:2000::1A8/127
LIAS0749CICN001,Bundle-Ether10,10.205.227.245/30,2405:B800:1:2000::1FA/127
LIAS0749CICN001,Bundle-Ether102,10.205.227.85/30,2405:B800:1:2000::1AA/127
LIAS0749CICN002,Bundle-Ether101,10.205.227.89/30,2405:B800:1:2000::1AC/127
LIAS0749CICN002,Bundle-Ether10,10.205.227.246/30,2405:B800:1:2000::1FB/127
LIAS0749CICN002,Bundle-Ether102,10.205.227.93/30,2405:B800:1:2000::1AE/127
CMN00614CICN001,Bundle-Ether101,10.205.227.97/30,2405:B800:1:2000::1B0/127
CMN00614CICN001,Bundle-Ether10,10.205.227.249/30,2405:B800:1:2000::1FC/127
CMN00614CICN001,Bundle-Ether102,10.205.227.101/30,2405:B800:1:2000::1B2/127
CMN00614CICN002,Bundle-Ether101,10.205.227.105/30,2405:B800:1:2000::1B4/127
CMN00614CICN002,Bundle-Ether10,10.205.227.250/30,2405:B800:1:2000::1FD/127
CMN00614CICN002,Bundle-Ether102,10.205.227.109/30,2405:B800:1:2000::1B6/127
DAS00S39CICN001,Bundle-Ether10,10.205.227.253/30,2405:B800:1:2000::1FE/127
DAS00S39CICN001,Bundle-Ether501,10.205.233.62/30,2405:B800:1:2000::4A1/127
DAS00S39CICN002,Bundle-Ether10,10.205.227.254/30,2405:B800:1:2000::1FF/127
DAS00S39CICN002,Bundle-Ether501,10.205.233.66/30,2405:B800:1:2000::4A3/127
TNWS0056CICN001,Bundle-Ether101,10.205.227.129/30,2405:B800:1:2000::1C0/127
TNWS0056CICN001,Bundle-Ether10,10.205.228.1/30,2405:B800:1:2000::200/127
TNWS0056CICN001,Bundle-Ether102,10.205.227.133/30,2405:B800:1:2000::1C2/127
TNWS0056CICN002,Bundle-Ether101,10.205.227.137/30,2405:B800:1:2000::1C4/127
TNWS0056CICN002,Bundle-Ether10,10.205.228.2/30,2405:B800:1:2000::201/127
TNWS0056CICN002,Bundle-Ether102,10.205.227.141/30,2405:B800:1:2000::1C6/127
MTP00H22CICU001,Bundle-Ether251,10.205.228.193/30,2405:B800:1:2000::260/127
MTP00H22CICU001,Bundle-Ether252,10.205.228.197/30,2405:B800:1:2000::262/127
LPN00358CICU001,Bundle-Ether251,10.205.228.201/30,2405:B800:1:2000::264/127
LPN00358CICU001,Bundle-Ether252,10.205.228.205/30,2405:B800:1:2000::266/127
PRQG0049CICU001,Bundle-Ether251,10.205.228.209/30,2405:B800:1:2000::268/127
PRQG0049CICU001,Bundle-Ether252,10.205.228.213/30,2405:B800:1:2000::26A/127
PRQG0049CICU001,,,
PRQG0049CICU001,,,
BLAPXBLACICU001,Bundle-Ether255,10.205.231.73/30,2405:B800:1:2000::3A4/127
BLAPXBLACICU001,Bundle-Ether256,10.205.231.77/30,2405:B800:1:2000::3A6/127
MRVPXBPZCICU001,Bundle-Ether501,10.205.231.81/30,2405:B800:1:2000::3A8/127
MRVPXBPZCICU001,Bundle-Ether501,10.205.231.81/30,2405:B800:1:2000::3A8/127
BCN00550CICU001,Bundle-Ether251,10.205.230.193/30,2405:B800:1:2000::360/127
BCN00550CICU001,Bundle-Ether252,10.205.230.197/30,2405:B800:1:2000::362/127
CABN5695CICU001,Bundle-Ether251,10.205.230.201/30,2405:B800:1:2000::364/127
CABN5695CICU001,Bundle-Ether252,10.205.230.205/30,2405:B800:1:2000::366/127
CKL00Y84CICU001,Bundle-Ether251,10.205.230.209/30,2405:B800:1:2000::368/127
CKL00Y84CICU001,Bundle-Ether252,10.205.230.213/30,2405:B800:1:2000::36A/127
CUR00C80CICU001,Bundle-Ether251,10.205.230.217/30,2405:B800:1:2000::36C/127
CUR00C80CICU001,Bundle-Ether252,10.205.230.221/30,2405:B800:1:2000::36E/127
MCT03903CICU001,Bundle-Ether501,10.205.231.89/30,2405:B800:1:2000::3AC/127
MCT03903CICU001,Bundle-Ether502,10.205.231.93/30,2405:B800:1:2000::3AE/127
GGTN3596CICU001,Bundle-Ether251,10.205.230.225/30,2405:B800:1:2000::370/127
GGTN3596CICU001,Bundle-Ether252,10.205.230.229/30,2405:B800:1:2000::372/127
IBAN0083CICU001,Bundle-Ether251,10.205.230.233/30,2405:B800:1:2000::374/127
IBAN0083CICU001,Bundle-Ether252,10.205.230.237/30,2405:B800:1:2000::376/127
LAL00N91CICU001,Bundle-Ether251,10.205.230.241/30,2405:B800:1:2000::378/127
LAL00N91CICU001,Bundle-Ether252,10.205.230.245/30,2405:B800:1:2000::37A/127
LAGN0000CICU001,Bundle-Ether251,10.205.230.249/30,2405:B800:1:2000::37C/127
LAGN0000CICU001,Bundle-Ether252,10.205.230.253/30,2405:B800:1:2000::37E/127
MLLN0037CICU001,Bundle-Ether251,10.205.231.1/30,2405:B800:1:2000::380/127
MLLN0037CICU001,Bundle-Ether252,10.205.231.5/30,2405:B800:1:2000::382/127
OLGPXOLGCICU001,Bundle-Ether251,10.205.231.9/30,2405:B800:1:2000::384/127
OLGPXOLGCICU001,Bundle-Ether252,10.205.231.13/30,2405:B800:1:2000::386/127
SJB00U46CICU001,Bundle-Ether251,10.205.231.17/30,2405:B800:1:2000::388/127
SJB00U46CICU001,Bundle-Ether252,10.205.231.21/30,2405:B800:1:2000::38A/127
SMZN3839CICU001,Bundle-Ether251,10.205.231.25/30,2405:B800:1:2000::38C/127
SMZN3839CICU001,Bundle-Ether252,10.205.231.29/30,2405:B800:1:2000::38E/127
SFU05156CICU001,Bundle-Ether251,10.205.231.33/30,2405:B800:1:2000::390/127
SFU05156CICU001,Bundle-Ether252,10.205.231.37/30,2405:B800:1:2000::392/127
SUB00527CICU001,Bundle-Ether251,10.205.231.41/30,2405:B800:1:2000::394/127
SUB00527CICU001,Bundle-Ether252,10.205.231.45/30,2405:B800:1:2000::396/127
TRC00587CICU001,Bundle-Ether251,10.205.231.49/30,2405:B800:1:2000::398/127
TRC00587CICU001,Bundle-Ether252,10.205.231.53/30,2405:B800:1:2000::39A/127
TUG00N31CICU001,Bundle-Ether251,10.205.231.57/30,2405:B800:1:2000::39C/127
TUG00N31CICU001,Bundle-Ether252,10.205.231.61/30,2405:B800:1:2000::39E/127
URD00C01CICU001,Bundle-Ether251,10.205.231.65/30,2405:B800:1:2000::3A0/127
URD00C01CICU001,Bundle-Ether252,10.205.231.69/30,2405:B800:1:2000::3A2/127
ATT00T02CICU001,Bundle-Ether251,10.205.232.189/30,2405:B800:1:2000::460/127
ATT00T02CICU001,Bundle-Ether252,10.205.232.193/30,2405:B800:1:2000::462/127
BATS0002CICU001,Bundle-Ether251,10.205.232.197/30,2405:B800:1:2000::464/127
BATS0002CICU001,Bundle-Ether252,10.205.232.201/30,2405:B800:1:2000::466/127
BAB00B13CICU001,Bundle-Ether251,10.205.232.205/30,2405:B800:1:2000::468/127
BAB00B13CICU001,Bundle-Ether252,10.205.232.209/30,2405:B800:1:2000::46A/127
KAWS0016CICU001,Bundle-Ether251,10.205.232.213/30,2405:B800:1:2000::46C/127
KAWS0016CICU001,Bundle-Ether252,10.205.232.217/30,2405:B800:1:2000::46E/127
BNNS0801CICU001,Bundle-Ether251,10.205.232.221/30,2405:B800:1:2000::470/127
BNNS0801CICU001,Bundle-Ether252,10.205.232.225/30,2405:B800:1:2000::472/127
CLA00633CICU001,Bundle-Ether251,10.205.232.229/30,2405:B800:1:2000::474/127
CLA00633CICU001,Bundle-Ether252,10.205.232.233/30,2405:B800:1:2000::476/127
RSC00Q98CICU001,Bundle-Ether251,10.205.232.237/30,2405:B800:1:2000::478/127
RSC00Q98CICU001,Bundle-Ether252,10.205.232.241/30,2405:B800:1:2000::47A/127
DAS00S39CICU001,Bundle-Ether501,10.205.233.61/30,2405:B800:1:2000::4A0/127
DAS00S39CICU001,Bundle-Ether502,10.205.233.65/30,2405:B800:1:2000::4A2/127
LBSS0059CICU001,Bundle-Ether251,10.205.232.245/30,2405:B800:1:2000::47C/127
LBSS0059CICU001,Bundle-Ether252,10.205.232.249/30,2405:B800:1:2000::47E/127
BNNPXLIICICU001,Bundle-Ether251,10.205.232.253/30,2405:B800:1:2000::480/127
BNNPXLIICICU001,Bundle-Ether252,10.205.233.1/30,2405:B800:1:2000::482/127
LIWS0800CICU001,Bundle-Ether251,10.205.233.5/30,2405:B800:1:2000::484/127
LIWS0800CICU001,Bundle-Ether252,10.205.233.9/30,2405:B800:1:2000::486/127
LIPS1300CICU001,Bundle-Ether501,10.205.233.69/30,2405:B800:1:2000::4A4/127
LIPS1300CICU001,Bundle-Ether502,10.205.233.73/30,2405:B800:1:2000::4A6/127
SROS3549CICU001,Bundle-Ether251,10.205.233.13/30,2405:B800:1:2000::488/127
SROS3549CICU001,Bundle-Ether252,10.205.233.17/30,2405:B800:1:2000::48A/127
NACS3561CICU001,Bundle-Ether501,10.205.233.77/30,2405:B800:1:2000::4A8/127
NACS3561CICU001,Bundle-Ether502,10.205.233.81/30,2405:B800:1:2000::4AA/127
NSBS1366CICU001,Bundle-Ether251,10.205.233.21/30,2405:B800:1:2000::48C/127
NSBS1366CICU001,Bundle-Ether252,10.205.233.25/30,2405:B800:1:2000::48E/127
RSCS0075CICU001,Bundle-Ether251,10.205.234.197/30,2405:b800:0001:2000:0000:0000:0000:0560/127
RSCS0075CICU001,Bundle-Ether252,10.205.234.201/30,2405:b800:0001:2000:0000:0000:0000:0562/127
SXL04178CICU001,Bundle-Ether201,10.205.233.101/30,2405:b800:0001:2000:0000:0000:0000:04b4/127
SXL04178CICU001,Bundle-Ether202,10.205.233.105/30,2405:b800:0001:2000:0000:0000:0000:04b6/127
SXL04178CICU001,,,
SROPXSROCICU001,Bundle-Ether251,10.205.233.37/30,2405:B800:1:2000::494/127
SROPXSROCICU001,Bundle-Ether252,10.205.233.41/30,2405:B800:1:2000::496/127
TGT05174CICU001,Bundle-Ether501,10.205.233.93/30,2405:B800:1:2000::4B0/127
TGT05174CICU001,Bundle-Ether502,10.205.233.97/30,2405:B800:1:2000::4B2/127
SPES0788CICU001,Bundle-Ether251,10.205.233.45/30,2405:B800:1:2000::498/127
SPES0788CICU001,Bundle-Ether252,10.205.233.49/30,2405:B800:1:2000::49A/127
CMN05702CICU001,Bundle-Ether252,10.205.233.57/30,2405:B800:1:2000::49E/127
CMN05702CICU001,Bundle-Ether253,10.205.233.85/30,2405:b800:1:2000::4ac/127
MKTG3610CIRO001,Bundle-Ether33,,
MKTG3610CIRO001,Bundle-Ether31,,
MKTG3610CIRO001,Bundle-Ether32,,
MKTG3610CIRO001,Bundle-Ether34,,
MKTG3610CIRO002,Bundle-Ether33,,
MKTG3610CIRO002,Bundle-Ether31,,
MKTG3610CIRO002,Bundle-Ether34,,
MKTG3610CIRO002,Bundle-Ether32,,
SPC00E67CIRO001,Bundle-Ether33,,
SPC00E67CIRO001,Bundle-Ether31,,
SPC00E67CIRO001,,,
SPC00E67CIRO001,Bundle-Ether32,,
SPC00E67CIRO001,Bundle-Ether35,,
SPC00E67CIRO002,Bundle-Ether33,,
SPC00E67CIRO002,Bundle-Ether31,,
SPC00E67CIRO002,,,
SPC00E67CIRO002,Bundle-Ether32,,
SPC00E67CIRO002,Bundle-Ether35,,
LCN04117CIRO001,Bundle-Ether44,,
LCN04117CIRO001,Bundle-Ether31,,
LCN04117CIRO001,Bundle-Ether32,,
LCN04117CIRO001,Bundle-Ether34,,
LCN04117CIRO002,Bundle-Ether34,,
LCN04117CIRO002,Bundle-Ether31,,
LCN04117CIRO002,Bundle-Ether32,,
LCN04117CIRO002,Bundle-Ether35,,
MKTG3610CIBE001,,10.230.194.2/30,2405:b800:0010:0020::2/64
MKTG3610CIBE001,,10.230.194.18/30,2405:b800:0010:0024::2/64
MKTG3610CIBE002,,10.230.194.6/30,2405:b800:0010:0021::2/64
MKTG3610CIBE002,,10.230.194.22/30,2405:b800:0010:0025::2/64
MKTG3610CIBE001,,10.230.194.10/30,2405:b800:0010:0022::2/64
MKTG3610CIBE001,,10.230.194.26/30,2405:b800:0010:0026::2/64
MKTG3610CIBE002,,10.230.194.14/30,2405:b800:0010:0023::2/64
MKTG3610CIBE002,,10.230.194.30/30,2405:b800:0010:0027::2/64
CKLN8004CIBE001,,10.174.2.2/30,2405:b800:0010:0420::2/56
CKLN8004CIBE001,,10.174.2.18/30,2405:b800:0010:0424::2/56
CKLN8004CIBE002,,10.174.2.6/30,2405:b800:0010:0421::2/56
CKLN8004CIBE002,,10.174.2.22/30,2405:b800:0010:0425::2/56
CKLN8004CIBE001,,10.174.2.10/30,2405:b800:0010:0422::2/56
CKLN8004CIBE001,,10.174.2.26/30,2405:b800:0010:0426::2/56
CKLN8004CIBE002,,10.174.2.14/30,2405:b800:0010:0423::2/56
CKLN8004CIBE002,,10.174.2.30/30,2405:b800:0010:0427::2/56
MKTG3610CIBE001,,10.205.193.157/30,2405:b800:1::ee/127
MKTG3610CIBE001,,10.205.193.161/30,2405:b800:1::f0/127
MKTG3610CIBE001,,10.205.193.165/30,2405:b800:1::f2/127
MKTG3610CIBE002,,10.205.193.169/30,2405:b800:1::f4/127
MKTG3610CIBE002,,10.205.193.173/30,2405:b800:1::f6/127
MKTG3610CIBE002,,10.205.193.177/30,2405:b800:1::f8/127
CKLN8004CIBE001,,10.205.197.93/30,2405:b800:1::2ce/127
CKLN8004CIBE001,,10.205.197.97/30,2405:b800:1::2d0/127
CKLN8004CIBE001,,10.205.197.101/30,2405:b800:1::2d2/127
CKLN8004CIBE002,,10.205.197.105/30,2405:b800:1::2d4/127
CKLN8004CIBE002,,10.205.197.109/30,2405:b800:1::2d6/127
CKLN8004CIBE002,,10.205.197.113/30,2405:b800:1::2d8/127
MKTG3610CIBE002,Bundle-Ether35,,
MKTG3610CIBE002,Bundle-Ether36,,
SPC00E67CIBE001,Bundle-Ether36,,
SPC00E67CIBE001,Bundle-Ether37,,
SPC00E67CIBE002,Bundle-Ether36,,
SPC00E67CIBE002,Bundle-Ether37,,
SFUN3814CIBE001,Bundle-Ether36,,
SFUN3814CIBE001,Bundle-Ether37,,
SFUN3814CIBE002,Bundle-Ether36,,
SFUN3814CIBE002,Bundle-Ether37,,
PRQG0049CIBE001,Bundle-Ether34,,
SFPN3827CIBE0001,Bundle-Ether33,,
PRQG0049CIBE001,Bundle-Ether35,,
SFPN3827CIBE0001,Bundle-Ether34,,
MKTG3610CIBE002,Bundle-Ether38,,
PRQG0049CIBE002,Bundle-Ether34,,
SFPN3827CIBE0002,Bundle-Ether33,,
MKTG3610CIBE002,Bundle-Ether40,,
PRQG0049CIBE002,Bundle-Ether35,,
SFPN3827CIBE0002,Bundle-Ether34,,
SPC00E67CIBE001,Bundle-Ether35,,
SPC00E67CIBE001,Bundle-Ether38,,
SPC00E67CIBE001,Bundle-Ether39,,
PRQG0099CIBE001,Bundle-Ether35,,
CKLN8004CIBE001,Bundle-Ether35,,
CKLN8004CIBE001,Bundle-Ether36,,
CKLN8004CIBE001,Bundle-Ether37,,
SFUN3814CIBE001,,,
SFUN3814CIBE001,,,
SFUN3814CIBE002,,,
SFUN3814CIBE001,,,
SFUN3814CIBE002,,,
SFUN3814CIBE002,,,
SFUN3814CIBE001,Bundle-Ether38,,
BATS0002CIBE001,Bundle-Ether35,,
BATS0002CIBE001,Bundle-Ether36,,
BATS0002CIBE001,PLDT BATANGAS (DCN-1),DCN,PLDT_BATANGAS_(DCN-1)_DCN
BATS0002CIBE001,Bundle-Ether37,,
MKTG3610CIBE002,Bundle-Ether41,,
MKTG3610CIBE002,Bundle-Ether42,,
MKTG3610CIBE002,Bundle-Ether43,,
SPC00E67CIBE002,Bundle-Ether35,,
SPC00E67CIBE002,Bundle-Ether38,,
SPC00E67CIBE002,Bundle-Ether39,,
PRQG0099CIBE002,Bundle-Ether35,,
CKLN8004CIBE002,Bundle-Ether35,,
CKLN8004CIBE002,Bundle-Ether36,,
CKLN8004CIBE002,Bundle-Ether37,,
SFUN3814CIBE002,Bundle-Ether38,,
BATS0002CIBE002,Bundle-Ether35,,
BATS0002CIBE002,Bundle-Ether36,,
BATS0002CIBE002,Bundle-Ether37,,
SPC00E67CIBE001,Bundle-Ether40,,
SPC00E67CIBE001,Bundle-Ether41,,
PRQG0099CIBE001,Bundle-Ether33,,
PRQG0049CIBE001,Bundle-Ether33,,
PRQG0049CIBE001,,,
PRQG0049CIBE001,,,
CKLN8004CIBE001,Bundle-Ether33,,
SFUN3814CIBE001,Bundle-Ether33,,
SFUN3814CIBE001,Bundle-Ether34,,
BATS0002CIBE001,Bundle-Ether33,,
MKTG3610CIBE002,Bundle-Ether44,,
MKTG3610CIBE002,Bundle-Ether45,,
MKTG3610CIBE002,Bundle-Ether46,,
MKTG3610CIBE002,Bundle-Ether47,,
MKTG3610CIBE002,Bundle-Ether48,,
SPC00E67CIBE002,Bundle-Ether40,,
SPC00E67CIBE002,Bundle-Ether41,,
PRQG0099CIBE002,Bundle-Ether33,,
PRQG0049CIBE002,Bundle-Ether33,,
PRQG0049CIBE002,,,
PRQG0049CIBE002,,,
CKLN8004CIBE002,Bundle-Ether33,,
SFUN3814CIBE002,Bundle-Ether33,,
SFUN3814CIBE002,Bundle-Ether34,,
BATS0002CIBE002,Bundle-Ether33,,
SPC00E67CIBE001,Bundle-Ether42,,
PRQG0099CIBE001,Bundle-Ether34,,
CKLN8004CIBE001,Bundle-Ether34,,
SFUN3814CIBE001,Bundle-Ether35,,
BATS0002CIBE001,Bundle-Ether34,,
SPC00E67CIBE001,Bundle-Ether43,,
MKTG3610CIBE002,Bundle-Ether49,,
SPC00E67CIBE002,Bundle-Ether42,,
PRQG0099CIBE002,Bundle-Ether34,,
CKLN8004CIBE002,Bundle-Ether34,,
SFUN3814CIBE002,Bundle-Ether35,,
BATS0002CIBE002,Bundle-Ether34,,
SPC00E67CIBE002,Bundle-Ether43,,
PRQG0099CIBE001,Bundle-Ether36,,
CKLN8004CIBE001,Bundle-Ether38,,
CKLN8004CIBE001,Bundle-Ether39,,
CKLN8004CIBE001,Bundle-Ether40,,
MKTG3610CIBE002,Bundle-Ether51,,
MKTG3610CIBE002,Bundle-Ether52,,
MKTG3610CIBE002,Bundle-Ether53,,
CKLN8004CIBE002,Bundle-Ether38,,
CKLN8004CIBE002,Bundle-Ether39,,
CKLN8004CIBE002,Bundle-Ether40,,
MTP00H22CIBE001,Bundle-Ether11,,
MTP00H22CIBE002,Bundle-Ether11,,
KAWS0016CIBE001,Bundle-Ether12,,
KAWS0016CIBE002,Bundle-Ether12,,
CLAS3548CIBE001,Bundle-Ether10,,
CLAS3548CIBE002,Bundle-Ether11,,
MKTG3610CIBE002,Bundle-Ether33,,
MKTG3610CIBE002,Bundle-Ether34,,
PRQG0049CIBE001,Bundle-Ether36,,
PRQG0049CIBE002,Bundle-Ether36,,
SPC00E67CIBE001,Bundle-Ether44,,
SPC00E67CIBE002,Bundle-Ether44,,
MKTG3610CIBE002,Bundle-Ether54,,
MKTG3610CIBE002,,,
MKTG3610CIBE002,,,
SPC00E67CIBE001,Bundle-Ether45,,
SPC00E67CIBE002,Bundle-Ether45,,
SPC00E67CIBE001,Bundle-Ether46,,
SPC00E67CIBE002,Bundle-Ether46,,
SPC00E67CIBE001,,,
SPC00E67CIBE002,,,
SPC00E67CIBE001,,,
SPC00E67CIBE002,,,
SPC00E67CIBE001,,,
SPC00E67CIBE002,,,
SFPN3827CIBE0001,Bundle-Ether35,,
SFPN3827CIBE0002,Bundle-Ether36,,
MKTG3610CIVV029,,10.205.193.158/30,2405:b800:1::ef/127
MKTG3610CIRR001,,10.205.193.162/30,2405:b800:1::f1/127
MKTG3610CIRR002,,10.205.193.166/30,2405:b800:1::f3/127
MKTG3610CIVV029,,10.205.193.170/30,2405:b800:1::f5/127
MKTG3610CIRR001,,10.205.193.174/30,2405:b800:1::f7/127
MKTG3610CIRR002,,10.205.193.178/30,2405:b800:1::f9/127
CKL3992CIVV029,,10.205.197.94/30,2405:b800:1::2cf/127
CKL3992CIRR001,,10.205.197.98/30,2405:b800:1::2d1/127
MKTG3610CIBE001,,10.205.193.181/30,2405:b800:1::e6/127
MKTG3610CIBE002,,10.205.193.185/30,2405:b800:1::e8/127
MKTG3610CIBE001,,10.205.193.189/30,2405:b800:1::ea/127
MKTG3610CIBE002,,10.205.193.193/30,2405:b800:1::ec/127
CKLN8004CIBE001,,10.205.197.117/30,2405:b800:1::2c6/127
CKLN8004CIBE002,,10.205.197.121/30,2405:b800:1::2c8/127
CKLN8004CIBE001,,10.205.197.125/30,2405:b800:1::2ca/127
CKLN8004CIBE002,,10.205.197.129/30,2405:b800:1::2cc/127
CKL3992CIRR002,,10.205.197.102/30,2405:b800:1::2d3/127
CKL3992CIVV029,,10.205.197.106/30,2405:b800:1::2d5/127
CKL3992CIRR001,,10.205.197.110/30,2405:b800:1::2d7/127
CKL3992CIRR002,,10.205.197.114/30,2405:b800:1::2d9/127
NACS3561CICN001,Bundle-Ether11,10.205.226.225/30,2405:B800:1:2000::170/127
NACS3561CICN001,Bundle-Ether12,10.205.226.229/30,2405:B800:1:2000::172/127
NACS3561CICN002,Bundle-Ether11,10.205.226.233/30,2405:B800:1:2000::174/127
NACS3561CICN002,Bundle-Ether12,10.205.226.237/30,2405:B800:1:2000::176/127
TMSS3565CICN001,Bundle-Ether11,10.205.226.226/30,2405:B800:1:2000::171/127
TMSS3565CICN002,Bundle-Ether11,10.205.226.238/30,2405:B800:1:2000::177/127
TMSS3565CICN001,Bundle-Ether102,10.205.236.229/30,2405:b800:0001:2000:0000:0000:0000:0672/127
TMSS3565CICN002,Bundle-Ether101,10.205.236.233/30,2405:b800:0001:2000:0000:0000:0000:0674/127
IMUS3559CICN001,Bundle-Ether11,10.205.226.230/30,2405:B800:1:2000::173/127
IMUS3559CICN002,Bundle-Ether11,10.205.226.234/30,2405:B800:1:2000::175/127
IMUS3559CICN001,Bundle-Ether102,10.205.226.213/30,2405:B800:1:2000::16A/127
IMUS3559CICN002,Bundle-Ether101,10.205.226.217/30,2405:B800:1:2000::16C/127
KAWS0016CIBE001,Bundle-Ether117,10.205.236.230/30,2405:b800:0001:2000:0000:0000:0000:0673/127
KAWS0016CIBE002,Bundle-Ether116,10.205.236.234/30,2405:b800:0001:2000:0000:0000:0000:0675/127
KAWS0016CIBE002,Bundle-Ether105,10.205.226.214/30,2405:B800:1:2000::16B/127
KAWS0016CIBE001,Bundle-Ether106,10.205.226.218/30,2405:B800:1:2000::16D/127
DAS00S39CICN001,Bundle-Ether101,10.205.236.241/30,2405:b800:0001:2000:0000:0000:0000:0678/127
DAS00S39CICN001,Bundle-Ether11,10.205.236.245/30,2405:b800:0001:2000:0000:0000:0000:067a/127
DAS00S39CICN002,Bundle-Ether11,10.205.236.249/30,2405:b800:0001:2000:0000:0000:0000:067c/127
DAS00S39CICN002,Bundle-Ether102,10.205.236.253/30,2405:b800:0001:2000:0000:0000:0000:067e/127
TGT00610CICN001,Bundle-Ether101,10.205.236.193/30,2405:b800:0001:2000:0000:0000:0000:0660/127
TGT00610CICN002,Bundle-Ether102,10.205.236.205/30,2405:b800:0001:2000:0000:0000:0000:0666/127
TGT00610CICN001,Bundle-Ether11,10.205.236.246/30,2405:b800:0001:2000:0000:0000:0000:067b/127
TGT00610CICN002,Bundle-Ether11,10.205.236.254/30,2405:b800:0001:2000:0000:0000:0000:067f/127
KAWS0016CIBE002,Bundle-Ether113,10.205.236.194/30,2405:b800:0001:2000:0000:0000:0000:0661/127
KAWS0016CIBE001,Bundle-Ether112,10.205.236.206/30,2405:b800:0001:2000:0000:0000:0000:0667/127
KAWS0016CIBE001,Bundle-Ether118,10.205.236.242/30,2405:b800:0001:2000:0000:0000:0000:0679/127
KAWS0016CIBE002,Bundle-Ether119,10.205.236.250/30,2405:b800:0001:2000:0000:0000:0000:067d/127
SIL00609CICN001,Bundle-Ether10,10.205.227.201/30,2405:B800:1:2000::1E4/127
SIL00609CICN002,Bundle-Ether10,10.205.227.202/30,2405:B800:1:2000::1E5/127
SIL00609CICN001,Bundle-Ether11,10.205.234.234/30,2405:b800:1:2000::573/127
SIL00609CICN002,Bundle-Ether11,10.205.234.238/30,2405:b800:1:2000::575/127
SILPXSILCICN001,Bundle-Ether10,10.205.227.221/30,2405:B800:1:2000::1EE/127
SILPXSILCICN002,Bundle-Ether10,10.205.227.222/30,2405:B800:1:2000::1EF/127
SILPXSILCICN001,Bundle-Ether11,10.205.234.233/30,2405:b800:1:2000::572/127
SILPXSILCICN002,Bundle-Ether11,10.205.234.237/30,2405:b800:1:2000::574/127
SILPXSILCICN001,Bundle-Ether12,10.205.234.229/30,2405:b800:1:2000::576/127
SILPXSILCICN002,Bundle-Ether12,10.205.234.241/30,2405:b800:1:2000::578/127
SILPXSILCICN001,Bundle-Ether101,10.205.236.213/30,2405:b800:1:2000::66a/127
SILPXSILCICN002,Bundle-Ether101,10.205.236.217/30,2405:b800:1:2000::66c/127
RSC00615CICN001,Bundle-Ether10,10.205.227.173/30,2405:B800:1:2000::1D6/127
RSC00615CICN002,Bundle-Ether10,10.205.227.174/30,2405:B800:1:2000::1D7/127
IDGPXIDGCICN001,Bundle-Ether11,10.205.234.230/30,2405:b800:1:2000::577/127
IDGPXIDGCICN002,Bundle-Ether11,10.205.234.242/30,2405:b800:1:2000::579/127
IDGPXIDGCICN001,Bundle-Ether101,10.205.234.205/30,2405:b800:1:2000::564/127
IDGPXIDGCICN002,Bundle-Ether101,10.205.234.209/30,2405:b800:1:2000::566/127
IDGPXIDGCICN001,Bundle-Ether10,10.205.228.5/30,2405:B800:1:2000::202/127
IDGPXIDGCICN002,Bundle-Ether10,10.205.228.6/30,2405:B800:1:2000::203/127
IDGPXIDGCICN002,Bundle-Ether11,10.205.234.242/30,2405:b800:1:2000::579/127
KAWS0016CIBE002,Bundle-Ether102,10.205.236.214/30,2405:b800:1:2000::66b/127
KAWS0016CIBE001,Bundle-Ether101,10.205.236.218/30,2405:b800:1:2000::66d/127
BATS0002CIBE001,Bundle-Ether38,10.205.194.97/30,
BATS0002CIBE001,Bundle-Ether39,10.205.194.101/30,
BATS0002CIBE002,Bundle-Ether38,10.205.194.105/30,
BATS0002CIBE002,Bundle-Ether39,10.205.194.109/30,
MCT00580CIBE001,Bundle-Ether31,10.205.194.113/30,
MCT00580CIBE001,Bundle-Ether32,10.205.194.117/30,
MCT00580CIBE002,Bundle-Ether31,10.205.194.121/30,
MCT00580CIBE002,Bundle-Ether32,10.205.194.125/30,
SZM00N18CIBE001,Bundle-Ether31,10.205.194.129/30,
SZM00N18CIBE001,Bundle-Ether32,10.205.194.133/30,
SZM00N18CIBE002,Bundle-Ether31,10.205.194.137/30,
SZM00N18CIBE002,Bundle-Ether32,10.205.194.141/30,
CYN06113CIBE001,Bundle-Ether31,10.205.194.145/30,
CYN06113CIBE001,Bundle-Ether32,10.205.194.149/30,
CYN06113CIBE002,Bundle-Ether31,10.205.194.153/30,
CYN06113CIBE002,Bundle-Ether32,10.205.194.157/30,
MTPPXMTPCIBE001,Bundle-Ether31,10.205.194.161/30,
MTPPXMTPCIBE001,Bundle-Ether32,10.205.194.165/30,
MTPPXMTPCIBE002,Bundle-Ether31,10.205.194.169/30,
MTPPXMTPCIBE002,Bundle-Ether32,10.205.194.173/30,
LPNPXPPNCIBE001,Bundle-Ether31,10.205.194.177/30,
LPNPXPPNCIBE001,Bundle-Ether32,10.205.194.181/30,
LPNPXPPNCIBE002,Bundle-Ether31,10.205.194.185/30,
LPNPXPPNCIBE002,Bundle-Ether32,10.205.194.189/30,
LPNPXLPNCIBE001,Bundle-Ether31,10.205.194.193/30,
LPNPXLPNCIBE001,Bundle-Ether32,10.205.194.197/30,
LPNPXLPNCIBE002,Bundle-Ether31,10.205.194.201/30,
LPNPXLPNCIBE002,Bundle-Ether32,10.205.194.205/30,
TYSPXTYSCIBE001,Bundle-Ether31,10.205.194.209/30,
TYSPXTYSCIBE001,Bundle-Ether32,10.205.194.213/30,
TYSPXTYSCIBE002,Bundle-Ether31,10.205.194.217/30,
TYSPXTYSCIBE002,Bundle-Ether32,10.205.194.221/30,
CAUPX101CIBE001,Bundle-Ether31,10.205.194.225/30,
CAUPX101CIBE001,Bundle-Ether32,10.205.194.229/30,
CAUPX101CIBE002,Bundle-Ether31,10.205.194.233/30,
CAUPX101CIBE002,Bundle-Ether32,10.205.194.237/30,
TGTPXTGTCIBE001,Bundle-Ether31,10.205.194.241/30,
TGTPXTGTCIBE001,Bundle-Ether32,10.205.194.245/30,
TGTPXTGTCIBE002,Bundle-Ether31,10.205.194.249/30,
TGTPXTGTCIBE002,Bundle-Ether32,10.205.194.253/30,
S0014 PLDT LIPA PE1,Bundle-Ether31,10.205.195.1/30,
S0014 PLDT LIPA PE1,Bundle-Ether32,10.205.195.5/30,
S0014 PLDT LIPA PE2,Bundle-Ether31,10.205.195.9/30,
S0014 PLDT LIPA PE2,Bundle-Ether32,10.205.195.13/30,
DASPXDASCIBE001,Bundle-Ether31,10.205.195.17/30,
DASPXDASCIBE001,Bundle-Ether32,10.205.195.21/30,
DASPXDASCIBE002,Bundle-Ether31,10.205.195.25/30,
DASPXDASCIBE002,Bundle-Ether32,10.205.195.29/30,
SNO00C63CIBE001,Bundle-Ether31,10.205.195.33/30,
SNO00C63CIBE001,Bundle-Ether32,10.205.195.37/30,
SNO00C63CIBE002,Bundle-Ether31,10.205.195.41/30,
SNO00C63CIBE002,Bundle-Ether32,10.205.195.45/30,
DGPN3809CIBE001,Bundle-Ether33,10.205.195.49/30,
DGPN3809CIBE002,Bundle-Ether33,10.205.195.53/30,
CAB06118CIBE001,Bundle-Ether33,10.205.195.57/30,
CAB06118CIBE002,Bundle-Ether33,10.205.195.61/30,
BGO05352CIBE001,Bundle-Ether33,10.205.195.81/30,
BGO05352CIBE002,Bundle-Ether33,10.205.195.85/30,
CLAS3548CIBE001,Bundle-Ether33,10.205.195.89/30,
CLAS3548CIBE002,Bundle-Ether33,10.205.195.93/30,
NSBS0051CIBE001,Bundle-Ether33,10.205.195.97/30,
NSBS0051CIBE002,Bundle-Ether33,10.205.195.101/30,
SXLPXSXLCIBE001,Bundle-Ether33,10.205.195.105/30,
SXLPXSXLCIBE002,Bundle-Ether33,10.205.195.109/30,
CBY04106CIBE001,Bundle-Ether33,10.205.195.113/30,
CBY04106CIBE002,Bundle-Ether33,10.205.195.117/30,
CAUPX101CIBE001,Bundle-Ether10,10.205.193.141/30,
DASPXDASCIBE001,Bundle-Ether10,10.205.193.145/30,
LPNPXLPNCIBE001,Bundle-Ether10,10.205.193.149/30,
MTPPXMTPCIBE001,Bundle-Ether10,10.205.193.153/30,
LPNPXPPNCIBE001,Bundle-Ether10,10.205.197.77/30,
TGTPXTGTCIBE001,Bundle-Ether10,10.205.197.81/30,
TYSPXTYSCIBE001,Bundle-Ether10,10.205.197.85/30,
MCT00580CIBE001,Bundle-Ether10,10.205.197.89/30,
CYN06113CIBE001,Bundle-Ether10,10.205.198.93/30,
LIP00B01CIBE001,Bundle-Ether10,10.205.198.97/30,
SNO00C63CIBE001,Bundle-Ether10,10.205.198.101/30,
SZM00N18CIBE001,Bundle-Ether10,10.205.198.105/30,
S0014 PLDT LIPA PE1,Bundle-Ether10,10.205.198.109/30,
V93_PLDT-Sta. Cruz Lubao PE-1,Bundle-Ether10,10.205.198.113/30,
LAG00C18CICN001,Bundle-Ether100,10.205.224.33/30,
LAG00C18CICN001,Bundle-Ether101,10.205.224.37/30,
LAG00C18CICN002,Bundle-Ether100,10.205.224.41/30,
LAG00C18CICN002,Bundle-Ether101,10.205.224.45/30,
BTY00C15CICN001,Bundle-Ether100,10.205.224.161/30,
BTY00C15CICN001,Bundle-Ether101,10.205.224.165/30,
BTY00C15CICN002,Bundle-Ether100,10.205.224.169/30,
BTY00C15CICN002,Bundle-Ether101,10.205.224.173/30,
SNZ00536CICN001,Bundle-Ether100,10.205.224.177/30,
SNZ00536CICN001,Bundle-Ether101,10.205.224.181/30,
SNZ00536CICN002,Bundle-Ether100,10.205.224.185/30,
SNZ00536CICN002,Bundle-Ether101,10.205.224.189/30,
MXC00539CICN001,Bundle-Ether100,10.205.224.193/30,
MXC00539CICN001,Bundle-Ether101,10.205.224.197/30,
MXC00539CICN002,Bundle-Ether100,10.205.224.201/30,
MXC00539CICN002,Bundle-Ether101,10.205.224.205/30,
FLBPXFLBCICN001,Bundle-Ether100,10.205.224.209/30,
FLBPXFLBCICN001,Bundle-Ether101,10.205.224.213/30,
FLBPXFLBCICN002,Bundle-Ether100,10.205.224.217/30,
FLBPXFLBCICN002,Bundle-Ether101,10.205.224.221/30,
PLY00547CICN001,Bundle-Ether100,10.205.224.225/30,
PLY00547CICN001,Bundle-Ether101,10.205.224.229/30,
PLY00547CICN002,Bundle-Ether100,10.205.224.233/30,
PLY00547CICN002,Bundle-Ether101,10.205.224.237/30,
MNG00C43CICN001,Bundle-Ether100,10.205.224.241/30,
MNG00C43CICN001,Bundle-Ether101,10.205.224.245/30,
MNG00C43CICN002,Bundle-Ether100,10.205.224.249/30,
MNG00C43CICN002,Bundle-Ether101,10.205.224.253/30,
PRC00O66CICN001,Bundle-Ether100,10.205.226.49/30,
PRC00O66CICN001,Bundle-Ether101,10.205.226.53/30,
PRC00O66CICN002,Bundle-Ether100,10.205.226.57/30,
PRC00O66CICN002,Bundle-Ether101,10.205.226.61/30,
CMLPXCMLCICN001,Bundle-Ether100,10.205.226.161/30,
CMLPXCMLCICN001,Bundle-Ether101,10.205.226.165/30,
CMLPXCMLCICN002,Bundle-Ether100,10.205.226.169/30,
CMLPXCMLCICN002,Bundle-Ether101,10.205.226.173/30,
PQIPXPQICICN001,Bundle-Ether100,10.205.226.177/30,
PQIPXPQICICN001,Bundle-Ether101,10.205.226.181/30,
PQIPXPQICICN002,Bundle-Ether100,10.205.226.185/30,
PQIPXPQICICN002,Bundle-Ether101,10.205.226.189/30,
SJN00546CICN001,Bundle-Ether100,10.205.226.209/30,
SJN00546CICN001,Bundle-Ether101,10.205.226.221/30,
SJN00546CICN002,Bundle-Ether100,10.205.226.241/30,
SJN00546CICN002,Bundle-Ether101,10.205.226.245/30,
ORI00590CICN001,Bundle-Ether100,10.205.226.249/30,
ORI00590CICN001,Bundle-Ether101,10.205.226.253/30,
ORI00590CICN002,Bundle-Ether100,10.205.227.1/30,
ORI00590CICN002,Bundle-Ether101,10.205.227.5/30,
PWG00Y37CICN001,Bundle-Ether100,10.205.227.9/30,
PWG00Y37CICN001,Bundle-Ether101,10.205.227.13/30,
PWG00Y37CICN002,Bundle-Ether100,10.205.227.113/30,
PWG00Y37CICN002,Bundle-Ether101,10.205.227.117/30,
ASI00C10CICN001,Bundle-Ether100,10.205.227.121/30,
ASI00C10CICN001,Bundle-Ether101,10.205.227.125/30,
ASI00C10CICN002,Bundle-Ether100,10.205.227.145/30,
ASI00C10CICN002,Bundle-Ether101,10.205.227.149/30,
BOAPX201CICN001,Bundle-Ether100,10.205.227.153/30,
BOAPX201CICN001,Bundle-Ether101,10.205.227.157/30,
BOAPX201CICN002,Bundle-Ether100,10.205.230.129/30,
BOAPX201CICN002,Bundle-Ether101,10.205.230.133/30,
URD00C01CICN001,Bundle-Ether100,10.205.230.137/30,
URD00C01CICN001,Bundle-Ether101,10.205.230.141/30,
URD00C01CICN002,Bundle-Ether100,10.205.230.145/30,
URD00C01CICN002,Bundle-Ether101,10.205.230.149/30,
VALPXVALCICN001,Bundle-Ether100,10.205.230.153/30,
VALPXVALCICN001,Bundle-Ether101,10.205.230.157/30,
VALPXVALCICN002,Bundle-Ether100,10.205.230.161/30,
VALPXVALCICN002,Bundle-Ether101,10.205.230.165/30,
MDF00C05CICN001,Bundle-Ether100,10.205.230.169/30,
MDF00C05CICN001,Bundle-Ether101,10.205.230.173/30,
MDF00C05CICN002,Bundle-Ether100,10.205.230.177/30,
MDF00C05CICN002,Bundle-Ether101,10.205.230.181/30,
TRC00N26CICN001,Bundle-Ether100,10.205.230.185/30,
TRC00N26CICN001,Bundle-Ether101,10.205.230.189/30,
TRC00N26CICN002,Bundle-Ether100,10.205.231.233/30,
TRC00N26CICN002,Bundle-Ether101,10.205.231.237/30,
CAPPXCAPCICN001,Bundle-Ether100,10.205.231.241/30,
CAPPXCAPCICN001,Bundle-Ether101,10.205.231.245/30,
CAPPXCAPCICN002,Bundle-Ether100,10.205.231.249/30,
CAPPXCAPCICN002,Bundle-Ether101,10.205.231.253/30,
TRC00587CICN001,Bundle-Ether100,10.205.232.1/30,
TRC00587CICN001,Bundle-Ether101,10.205.232.5/30,
TRC00587CICN002,Bundle-Ether100,10.205.232.9/30,
TRC00587CICN002,Bundle-Ether101,10.205.232.13/30,
CON00O39CICN001,Bundle-Ether100,10.205.232.17/30,
CON00O39CICN001,Bundle-Ether101,10.205.232.21/30,
CON00O39CICN002,Bundle-Ether100,10.205.232.25/30,
CON00O39CICN002,Bundle-Ether101,10.205.232.29/30,
LUC00B40CICN01,Bundle-Ether100,10.205.232.33/30,
LUC00B40CICN01,Bundle-Ether101,10.205.232.37/30,
LUC00B40CICN02,Bundle-Ether100,10.205.232.41/30,
LUC00B40CICN02,Bundle-Ether101,10.205.232.45/30,
LIPS0014CICN001,Bundle-Ether100,10.205.232.49/30,
LIPS0014CICN001,Bundle-Ether103,10.205.232.53/30,
LIPS0014CICN002,Bundle-Ether100,10.205.232.57/30,
LIPS0014CICN002,Bundle-Ether103,10.205.232.61/30,
SNL04141CICN001,Bundle-Ether100,10.205.232.65/30,
SNL04141CICN001,Bundle-Ether101,10.205.232.69/30,
SNL04141CICN002,Bundle-Ether100,10.205.232.73/30,
SNL04141CICN002,Bundle-Ether101,10.205.232.77/30,
IFA04709CICN001,Bundle-Ether100,10.205.232.81/30,
IFA04709CICN001,Bundle-Ether101,10.205.232.85/30,
IFA04709CICN002,Bundle-Ether100,10.205.232.89/30,
IFA04709CICN002,Bundle-Ether101,10.205.232.93/30,
TGT00610CICN001,Bundle-Ether100,10.205.232.97/30,
TGT00610CICN001,Bundle-Ether102,10.205.232.101/30,
TGT00610CICN002,Bundle-Ether100,10.205.232.105/30,
TGT00610CICN002,Bundle-Ether101,10.205.232.109/30,
PBL00Q47CICN001,Bundle-Ether100,10.205.232.113/30,
PBL00Q47CICN001,Bundle-Ether101,10.205.232.117/30,
PBL00Q47CICN002,Bundle-Ether100,10.205.232.121/30,
PBL00Q47CICN002,Bundle-Ether101,10.205.232.125/30,
ILA00C31CICU001,Bundle-Ether100,10.205.232.129/30,
ILA00C31CICU001,Bundle-Ether101,10.205.232.133/30,
ILA00C31CICU002,Bundle-Ether100,10.205.232.137/30,
ILA00C31CICU002,Bundle-Ether101,10.205.232.141/30,
ALF00634CICN001,Bundle-Ether100,10.205.232.145/30,
ALF00634CICN001,Bundle-Ether101,10.205.232.149/30,
ALF00634CICN002,Bundle-Ether100,10.205.232.153/30,
ALF00634CICN002,Bundle-Ether101,10.205.232.157/30,
RSC00615CICN001,Bundle-Ether100,10.205.234.177/30,2405:b800:1:2000::150/127
RSC00615CICN001,Bundle-Ether101,10.205.234.181/30,2405:b800:1:2000::152/127
RSC00615CICN002,Bundle-Ether100,10.205.234.185/30,2405:b800:1:2000::154/127
RSC00615CICN002,Bundle-Ether101,10.205.234.189/30,2405:b800:1:2000::156/127
KAWS0016CIBE001,Bundle-Ether114,10.205.234.178/30,2405:b800:1:2000::151/127
KAWS0016CIBE002,Bundle-Ether114,10.205.234.182/30,2405:b800:1:2000::153/127
KAWS0016CIBE002,Bundle-Ether115,10.205.234.186/30,2405:b800:1:2000::155/127
KAWS0016CIBE001,Bundle-Ether115,10.205.234.190/30,2405:b800:1:2000::157/127
AOO00C08CICN01,Bundle-Ether100,10.205.232.161/30,
AOO00C08CICN01,Bundle-Ether101,10.205.232.165/30,
AOO00C08CICN02,Bundle-Ether100,10.205.232.169/30,
AOO00C08CICN02,Bundle-Ether101,10.205.232.173/30,
TIA00B54CICN001,Bundle-Ether100,10.205.232.177/30,
TIA00B54CICN001,Bundle-Ether101,10.205.232.181/30,
TIA00B54CICN002,Bundle-Ether100,10.205.232.185/30,
TIA00B54CICN002,Bundle-Ether101,10.205.233.109/30,
CUR00C80CICN001,Bundle-Ether100,10.205.233.113/30,
CUR00C80CICN001,Bundle-Ether101,10.205.233.117/30,
CUR00C80CICN002,Bundle-Ether100,10.205.233.121/30,
CUR00C80CICN002,Bundle-Ether101,10.205.233.125/30,
BAB00B90CICN001,Bundle-Ether100,10.205.233.129/30,
BAB00B90CICN001,Bundle-Ether101,10.205.233.133/30,
BAB00B90CICN002,Bundle-Ether100,10.205.233.137/30,
BAB00B90CICN002,Bundle-Ether101,10.205.233.141/30,
PLDT SAN JOSE DN 1,Bundle-Ether100,10.205.233.145/30,
PLDT SAN JOSE DN 1,Bundle-Ether101,10.205.233.149/30,
PLDT SAN JOSE DN 2,Bundle-Ether100,10.205.233.153/30,
PLDT SAN JOSE DN 2,Bundle-Ether101,10.205.233.157/30,
BABPXBABCICN001,Bundle-Ether100,10.205.233.161/30,
BABPXBABCICN001,Bundle-Ether101,10.205.233.165/30,
BABPXBABCICN002,Bundle-Ether100,10.205.233.169/30,
BABPXBABCICN002,Bundle-Ether101,10.205.233.173/30,
SPLPXSPLCICN001,Bundle-Ether100,10.205.233.177/30,
SPLPXSPLCICN001,Bundle-Ether101,10.205.233.181/30,
SPLPXSPLCICN002,Bundle-Ether100,10.205.233.185/30,
SPLPXSPLCICN002,Bundle-Ether101,10.205.233.189/30,
LBSPXLBSCICN001,Bundle-Ether100,10.205.233.193/30,
LBSPXLBSCICN001,Bundle-Ether101,10.205.233.197/30,
LBSPXLBSCICN002,Bundle-Ether100,10.205.233.201/30,
LBSPXLBSCICN002,Bundle-Ether101,10.205.233.205/30,
PBS00Q85CICN001,Bundle-Ether100,10.205.233.209/30,
PBS00Q85CICN001,Bundle-Ether101,10.205.233.213/30,
PBS00Q85CICN002,Bundle-Ether100,10.205.233.217/30,
PBS00Q85CICN002,Bundle-Ether101,10.205.233.221/30,
GMC00B43CICN001,Bundle-Ether100,10.205.233.225/30,
GMC00B43CICN001,Bundle-Ether101,10.205.233.229/30,
GMC00B43CICN002,Bundle-Ether100,10.205.233.233/30,
GMC00B43CICN002,Bundle-Ether101,10.205.233.237/30,
MLY04167CICN001,Bundle-Ether100,10.205.233.241/30,
MLY04167CICN001,Bundle-Ether101,10.205.233.245/30,
MLY04167CICN002,Bundle-Ether100,10.205.233.249/30,
MLY04167CICN002,Bundle-Ether101,10.205.233.253/30,
SAJ00S43CICN001,Bundle-Ether100,10.205.234.1/30,
SAJ00S43CICN001,Bundle-Ether101,10.205.234.5/30,
SAJ00S43CICN002,Bundle-Ether100,10.205.234.9/30,
SAJ00S43CICN002,Bundle-Ether101,10.205.234.13/30,
IDGPXIDGCICN001,Bundle-Ether100,10.205.234.17/30,
IDGPXIDGCICN001,Bundle-Ether102,10.205.234.21/30,
IDGPXIDGCICN002,Bundle-Ether100,10.205.234.25/30,
IDGPXIDGCICN002,Bundle-Ether102,10.205.234.29/30,
SIL00609CICN001,Bundle-Ether100,10.205.234.33/30,
SIL00609CICN001,Bundle-Ether101,10.205.234.37/30,
SIL00609CICN002,Bundle-Ether100,10.205.234.41/30,
SIL00609CICN002,Bundle-Ether101,10.205.234.45/30,
DAS00S39CICN001,Bundle-Ether100,10.205.234.49/30,
DAS00S39CICN001,Bundle-Ether102,10.205.234.53/30,
DAS00S39CICN002,Bundle-Ether100,10.205.234.57/30,
DAS00S39CICN002,Bundle-Ether101,10.205.234.61/30,
SILPXSILCICN001,Bundle-Ether100,10.205.234.65/30,
SILPXSILCICN001,Bundle-Ether102,10.205.234.69/30,
SILPXSILCICN002,Bundle-Ether100,10.205.234.73/30,
SILPXSILCICN002,Bundle-Ether102,10.205.234.77/30,
BCR00680CICN001,Bundle-Ether100,10.205.234.81/30,
BCR00680CICN001,Bundle-Ether101,10.205.234.85/30,
BCR00680CICN002,Bundle-Ether100,10.205.234.89/30,
BCR00680CICN002,Bundle-Ether101,10.205.234.93/30,
IMU00638CICN001,Bundle-Ether100,10.205.234.97/30,
IMU00638CICN001,Bundle-Ether103,10.205.234.101/30,
IMU00638CICN002,Bundle-Ether100,10.205.234.105/30,
IMU00638CICN002,Bundle-Ether103,10.205.234.109/30,
IMUS3559CICN001,Bundle-Ether100,10.205.234.113/30,
IMUS3559CICN001,Bundle-Ether101,10.205.234.117/30,
IMUS3559CICN002,Bundle-Ether100,10.205.234.121/30,
IMUS3559CICN002,Bundle-Ether102,10.205.234.125/30,
NACS3561CICN001,Bundle-Ether100,10.205.234.129/30,
NACS3561CICN001,Bundle-Ether101,10.205.234.133/30,
NACS3561CICN002,Bundle-Ether100,10.205.234.137/30,
NACS3561CICN002,Bundle-Ether101,10.205.234.141/30,
TMSS3565CICN001,Bundle-Ether100,10.205.234.145/30,
TMSS3565CICN001,Bundle-Ether101,10.205.234.149/30,
TMSS3565CICN002,Bundle-Ether100,10.205.234.153/30,
TMSS3565CICN002,Bundle-Ether102,10.205.234.157/30,
S33 PLDT ZAPOTE/PANAPAAN DN-1,Bundle-Ether100,10.205.234.161/30,
S33 PLDT ZAPOTE/PANAPAAN DN-1,Bundle-Ether101,10.205.234.165/30,
S33 PLDT ZAPOTE/PANAPAAN DN-2,Bundle-Ether100,10.205.234.169/30,
S33 PLDT ZAPOTE/PANAPAAN DN-2,Bundle-Ether101,10.205.234.173/30,
SMART O08 PAGUDPUD BANGUI DN-1,Bundle-Ether100,10.205.234.193/30,
SMART O08 PAGUDPUD BANGUI DN-1,Bundle-Ether101,10.205.234.213/30,
SMART O08 PAGUDPUD BANGUI DN-2,Bundle-Ether100,10.205.234.217/30,
SMART O08 PAGUDPUD BANGUI DN-2,Bundle-Ether101,10.205.234.221/30,
BBG00C82CICN001,Bundle-Ether100,10.205.234.225/30,
BBG00C82CICN001,Bundle-Ether101,10.205.236.1/30,
BBG00C82CICN002,Bundle-Ether100,10.205.236.5/30,
BBG00C82CICN002,Bundle-Ether101,10.205.236.9/30,
MDD00N93CICN001,Bundle-Ether100,10.205.236.13/30,
MDD00N93CICN001,Bundle-Ether101,10.205.236.17/30,
MDD00N93CICN002,Bundle-Ether100,10.205.236.21/30,
MDD00N93CICN002,Bundle-Ether101,10.205.236.25/30,
GTRN1773CICN001,Bundle-Ether100,10.205.236.29/30,
GTRN1773CICN001,Bundle-Ether101,10.205.236.33/30,
GTRN1773CICN002,Bundle-Ether100,10.205.236.37/30,
GTRN1773CICN002,Bundle-Ether101,10.205.236.41/30,
RSL04943CICN001,Bundle-Ether100,10.205.236.45/30,
RSL04943CICN001,Bundle-Ether101,10.205.236.49/30,
RSL04943CICN002,Bundle-Ether100,10.205.236.53/30,
RSL04943CICN002,Bundle-Ether101,10.205.236.57/30,
SFU00N06CICN001,Bundle-Ether100,10.205.236.61/30,
SFU00N06CICN001,Bundle-Ether101,10.205.236.65/30,
PLDT PANTAL DN 1,Bundle-Ether100,10.205.236.69/30,
PLDT PANTAL DN 1,Bundle-Ether101,10.205.236.73/30,
SUB00527CICN001,Bundle-Ether100,10.205.236.77/30,
SUB00527CICN001,Bundle-Ether101,10.205.236.81/30,
APL00529CICN001,Bundle-Ether100,10.205.236.85/30,
APL00529CICN001,Bundle-Ether101,10.205.236.89/30,
SCC00C03CICN001,Bundle-Ether100,10.205.236.93/30,
SCC00C03CICN001,Bundle-Ether101,10.205.236.97/30,
LYN00Y30CICN001,Bundle-Ether100,10.205.236.101/30,
LYN00Y30CICN001,Bundle-Ether101,10.205.236.105/30,
BVT04682CICN001,Bundle-Ether100,10.205.236.109/30,
BVT04682CICN001,Bundle-Ether101,10.205.236.113/30,
SXZ00Y17CICN001,Bundle-Ether100,10.205.236.117/30,
SXZ00Y17CICN001,Bundle-Ether101,10.205.236.121/30,
SGG00N83CICN001,Bundle-Ether100,10.205.236.125/30,
SGG00N83CICN001,Bundle-Ether101,10.205.236.129/30,
SLC00T89CICN001,Bundle-Ether100,10.205.236.133/30,
SLC00T89CICN001,Bundle-Ether101,10.205.236.137/30,
BON00C36CICN002,Bundle-Ether100,10.205.236.141/30,
BON00C36CICN002,Bundle-Ether101,10.205.236.145/30,
SMART 5376 TAMARO DN-1,Bundle-Ether100,10.205.236.149/30,
SMART 5376 TAMARO DN-1,Bundle-Ether101,10.205.236.153/30,
BNE00C36CICN001,Bundle-Ether100,10.205.236.157/30,
BNE00C36CICN001,Bundle-Ether101,10.205.236.161/30,
BKO03813CICN001,Bundle-Ether100,10.205.236.165/30,
BKO03813CICN001,Bundle-Ether101,10.205.236.169/30,
BGR05664CICN001,Bundle-Ether100,10.205.236.173/30,
BGR05664CICN001,Bundle-Ether101,10.205.236.177/30,
BGOPXBGOCICU001,Bundle-Ether200,10.205.228.217/30,
BGOPXBGOCICU001,Bundle-Ether201,10.205.228.221/30,
BGOPXBGSCICU001,Bundle-Ether200,10.205.228.225/30,
BGOPXBGSCICU001,Bundle-Ether201,10.205.228.229/30,
BMLPXBMLCICU001,Bundle-Ether200,10.205.228.233/30,
BMLPXBMLCICU001,Bundle-Ether201,10.205.228.237/30,
DGPPXDGPCICU001,Bundle-Ether200,10.205.228.241/30,
DGPPXDGPCICU001,Bundle-Ether201,10.205.228.245/30,
TRCPXLIPCICU001,Bundle-Ether200,10.205.228.249/30,
TRCPXLIPCICU001,Bundle-Ether201,10.205.228.253/30,
SFPPXSFPCICU001,Bundle-Ether200,10.205.230.1/30,
SFPPXSFPCICU001,Bundle-Ether201,10.205.230.5/30,
PRQPXPRQCICU001,Bundle-Ether200,10.205.230.9/30,
PRQPXPRQCICU001,Bundle-Ether201,10.205.230.13/30,
LCNPXLCNCICU001,Bundle-Ether200,10.205.230.17/30,
LCNPXLCNCICU001,Bundle-Ether201,10.205.230.21/30,
LPNPXLPNCICU001,Bundle-Ether200,10.205.230.25/30,
LPNPXLPNCICU001,Bundle-Ether201,10.205.230.29/30,
MTPPXMTPCICU001,Bundle-Ether200,10.205.230.33/30,
MTPPXMTPCICU001,Bundle-Ether201,10.205.230.37/30,
GBAPXGBACICU001,Bundle-Ether200,10.205.230.41/30,
GBAPXGBACICU001,Bundle-Ether201,10.205.230.45/30,
PTB00O69CICU001,Bundle-Ether200,10.205.230.49/30,
PTB00O69CICU001,Bundle-Ether201,10.205.230.53/30,
SST00Y76CICU001,Bundle-Ether200,10.205.230.57/30,
SST00Y76CICU001,Bundle-Ether201,10.205.230.61/30,
PLDT TAMBO AN-1,Bundle-Ether200,10.205.230.65/30,
PLDT TAMBO AN-1,Bundle-Ether201,10.205.230.69/30,
CLAPXCSECICU001,Bundle-Ether200,10.205.230.73/30,
CLAPXCSECICU001,Bundle-Ether201,10.205.230.77/30,
CTN04702CICU001,Bundle-Ether200,10.205.230.81/30,
CTN04702CICU001,Bundle-Ether201,10.205.230.85/30,
LUBPXLUBCICU001,Bundle-Ether200,10.205.230.89/30,
LUBPXLUBCICU001,Bundle-Ether201,10.205.230.93/30,
CYNPXCYNCICU001,Bundle-Ether200,10.205.230.97/30,
CYNPXCYNCICU001,Bundle-Ether201,10.205.230.101/30,
AGSPXAGSCICU001,Bundle-Ether200,10.205.230.105/30,
AGSPXAGSCICU001,Bundle-Ether201,10.205.230.109/30,
CMN05702CICU001,Bundle-Ether400,10.205.230.113/30,
CMN05702CICU001,Bundle-Ether401,10.205.230.117/30,
BMB00C27CICU001,Bundle-Ether400,10.205.230.121/30,
BMB00C27CICU001,Bundle-Ether401,10.205.230.125/30,
PLDT INDANG AN-1,Bundle-Ether300,10.205.231.97/30,
PLDT INDANG AN-1,Bundle-Ether301,10.205.231.101/30,
CAPPXCAPCICU001,Bundle-Ether300,10.205.231.105/30,
CAPPXCAPCICU001,Bundle-Ether301,10.205.231.109/30,
MNGPXMNGCICU001,Bundle-Ether300,10.205.231.113/30,
MNGPXMNGCICU001,Bundle-Ether301,10.205.231.117/30,
PLYPXPLYCICU001,Bundle-Ether300,10.205.231.121/30,
PLYPXPLYCICU001,Bundle-Ether301,10.205.231.125/30,
FLBPXFLBCICU001,Bundle-Ether300,10.205.231.129/30,
FLBPXFLBCICU001,Bundle-Ether301,10.205.231.133/30,
PQIPXPQICICU001,Bundle-Ether300,10.205.231.137/30,
PQIPXPQICICU001,Bundle-Ether301,10.205.231.141/30,
SJNPXSJNCICU001,Bundle-Ether300,10.205.231.145/30,
SJNPXSJNCICU001,Bundle-Ether301,10.205.231.149/30,
BOAPX201CICU001,Bundle-Ether300,10.205.231.153/30,
BOAPX201CICU001,Bundle-Ether301,10.205.231.157/30,
MLY04167CICU001,Bundle-Ether300,10.205.231.161/30,
MLY04167CICU001,Bundle-Ether301,10.205.231.165/30,
ALM00C07CICU001,Bundle-Ether300,10.205.231.169/30,
ALM00C07CICU001,Bundle-Ether301,10.205.231.173/30,
SNL04141CICU001,Bundle-Ether300,10.205.231.177/30,
SNL04141CICU001,Bundle-Ether301,10.205.231.181/30,
GMC00B43CICU001,Bundle-Ether300,10.205.231.185/30,
GMC00B43CICU001,Bundle-Ether301,10.205.231.189/30,
PLDT DINALUPIHAN AN-1,Bundle-Ether300,10.205.231.193/30,
PLDT DINALUPIHAN AN-1,Bundle-Ether301,10.205.231.197/30,
GPNPXGPNCICU001,Bundle-Ether300,10.205.231.201/30,
GPNPXGPNCICU001,Bundle-Ether301,10.205.231.205/30,
BCRPXMOLCICU001,Bundle-Ether300,10.205.231.209/30,
BCRPXMOLCICU001,Bundle-Ether301,10.205.231.213/30,
IMUPXIMUCICU001,Bundle-Ether300,10.205.231.217/30,
IMUPXIMUCICU001,Bundle-Ether301,10.205.231.221/30,
BKO03813CICU001,Bundle-Ether300,10.205.231.225/30,
BKO03813CICU001,Bundle-Ether301,10.205.231.229/30,
MKTG3610CIBP001,Bundle-Ether31,10.205.192.1/30,2405:B800:1::/127
MKTG3610CIBP001,Bundle-Ether31,10.205.192.1/30,2405:B800:1::/127
MKTG3610CIBP002,Bundle-Ether31,10.205.192.5/30,2405:B800:1::2/127
MKTG3610CIBP002,Bundle-Ether31,10.205.192.5/30,2405:B800:1::2/127
MKTG3610CIBP001,Bundle-Ether33,10.205.192.66/30,2405:B800:1::21/127
MKTG3610CIBP002,Bundle-Ether33,10.205.192.70/30,2405:B800:1::23/127
MKTG3610CIBP001,Bundle-Ether32,10.205.192.9/30,2405:B800:1::4/127
MKTG3610CIBP001,Bundle-Ether32,10.205.192.9/30,2405:B800:1::4/127
MKTG3610CIBP002,Bundle-Ether32,10.205.192.13/30,2405:B800:1::6/127
MKTG3610CIBP002,Bundle-Ether32,10.205.192.13/30,2405:B800:1::6/127
SPC00E67CIBP001,Bundle-Ether32,10.205.192.17/30,2405:B800:1::8/127
SPC00E67CIBP001,Bundle-Ether32,10.205.192.17/30,2405:B800:1::8/127
SPC00E67CIBP002,Bundle-Ether32,10.205.192.21/30,2405:B800:1::A/127
SPC00E67CIBP002,Bundle-Ether32,10.205.192.21/30,2405:B800:1::A/127
SPC00E67CIBP001,Bundle-Ether33,10.205.192.74/30,2405:B800:1::25/127
SPC00E67CIBP002,Bundle-Ether33,10.205.192.78/30,2405:B800:1::27/127
SPC00E67CIBP001,Bundle-Ether48,10.205.192.49/30,
SPC00E67CIBP001,Bundle-Ether48,10.205.192.49/30,
SPC00E67CIBP002,Bundle-Ether48,10.205.192.57/30,
SPC00E67CIBP002,Bundle-Ether48,10.205.192.57/30,
SPC00E67CIBP001,Bundle-Ether49,10.205.192.53/30,
SPC00E67CIBP001,Bundle-Ether49,10.205.192.53/30,
SPC00E67CIBP002,Bundle-Ether49,10.205.192.61/30,
SPC00E67CIBP002,Bundle-Ether49,10.205.192.61/30,
LCN04117CIBP001,Bundle-Ether53,10.205.192.41/30,
LCN04117CIBP001,Bundle-Ether53,10.205.192.41/30,
LCN04117CIBP002,Bundle-Ether53,10.205.192.45/30,
LCN04117CIBP002,Bundle-Ether53,10.205.192.45/30,
SFUN3814CIBP001,Bundle-Ether58,10.205.192.81/30,
SFUN3814CIBP001,Bundle-Ether58,10.205.192.81/30,
SFUN3814CIBP002,Bundle-Ether58,10.205.192.85/30,
SFUN3814CIBP002,Bundle-Ether58,10.205.192.85/30,
MKTG3610CIBP001,Bundle-Ether63,10.205.192.25/30,
MKTG3610CIBP001,Bundle-Ether63,10.205.192.25/30,
MKTG3610CIBP002,Bundle-Ether63,10.205.192.33/30,
MKTG3610CIBP002,Bundle-Ether63,10.205.192.33/30,
MKTG3610CIBP001,Bundle-Ether62,10.205.192.29/30,
MKTG3610CIBP001,Bundle-Ether62,10.205.192.29/30,
MKTG3610CIBP002,Bundle-Ether64,10.205.192.37/30,
MKTG3610CIBP002,Bundle-Ether64,10.205.192.37/30,
BABPXBABCICN001,Bundle-Ether500,10.205.228.9/30,
CMLPXCMLCICN001,Bundle-Ether500,10.205.228.13/30,
CAPPXCAPCICN001,Bundle-Ether500,10.205.228.17/30,
FLBPXFLBCICN001,Bundle-Ether500,10.205.228.21/30,
BOAPX201CICN001,Bundle-Ether500,10.205.228.25/30,
LBSPXLBSCICN001,Bundle-Ether500,10.205.228.29/30,
PQIPXPQICICN001,Bundle-Ether500,10.205.228.33/30,
PLDT SAN JOSE DN 1,Bundle-Ether500,10.205.228.37/30,
SPLPXSPLCICN001,Bundle-Ether500,10.205.228.41/30,
VALPXVALCICN001,Bundle-Ether500,10.205.228.45/30,
SNL04141CICN001,Bundle-Ether500,10.205.228.49/30,
MLY04167CICN001,Bundle-Ether500,10.205.228.53/30,
BVT04682CICN001,Bundle-Ether500,10.205.228.57/30,
IFA04709CICN001,Bundle-Ether500,10.205.228.61/30,
RSL04943CICN001,Bundle-Ether500,10.205.228.65/30,
SNZ00536CICN001,Bundle-Ether500,10.205.228.69/30,
MXC00539CICN001,Bundle-Ether500,10.205.228.73/30,
SJN00546CICN001,Bundle-Ether500,10.205.228.77/30,
PLY00547CICN001,Bundle-Ether500,10.205.228.81/30,
TRC00587CICN001,Bundle-Ether500,10.205.228.85/30,
ORI00590CICN001,Bundle-Ether500,10.205.228.89/30,
ALF00634CICN001,Bundle-Ether500,10.205.228.93/30,
BCR00680CICN001,Bundle-Ether500,10.205.228.97/30,
LUC00B40CICN01,Bundle-Ether500,10.205.228.101/30,
GMC00B43CICN001,Bundle-Ether500,10.205.228.105/30,
TIA00B54CICN001,Bundle-Ether500,10.205.228.109/30,
BAB00B90CICN001,Bundle-Ether500,10.205.228.113/30,
URD00C01CICN001,Bundle-Ether500,10.205.228.117/30,
MDF00C05CICN001,Bundle-Ether500,10.205.228.121/30,
AOO00C08CICN01,Bundle-Ether500,10.205.228.125/30,
ASI00C10CICN001,Bundle-Ether500,10.205.228.129/30,
BTY00C15CICN001,Bundle-Ether500,10.205.228.133/30,
LAG00C18CICN001,Bundle-Ether500,10.205.228.137/30,
ILA00C31CICU001,Bundle-Ether500,10.205.228.141/30,
MNG00C43CICN001,Bundle-Ether500,10.205.228.145/30,
CUR00C80CICN001,Bundle-Ether500,10.205.228.149/30,
BBG00C82CICN001,Bundle-Ether500,10.205.228.153/30,
GTRN1773CICN001,Bundle-Ether500,10.205.228.157/30,
TRC00N26CICN001,Bundle-Ether500,10.205.228.161/30,
MDD00N93CICN001,Bundle-Ether500,10.205.228.165/30,
CON00O39CICN001,Bundle-Ether500,10.205.228.169/30,
PRC00O66CICN001,Bundle-Ether500,10.205.228.173/30,
PBL00Q47CICN001,Bundle-Ether500,10.205.228.177/30,
PBS00Q85CICN001,Bundle-Ether500,10.205.228.181/30,
SAJ00S43CICN001,Bundle-Ether500,10.205.228.185/30,
PGP00U33CICN001,Bundle-Ether500,10.205.228.189/30,
PWG00Y37CICN001,Bundle-Ether500,10.205.234.253/30,
TRCN3821CIBE001,Bundle-Ether33,10.205.195.121/30,2405:b800:1::150/127
TRCN3821CIBE001,Bundle-Ether34,10.205.195.125/30,2405:b800:1::152/127
TRCN3821CIBE002,Bundle-Ether33,10.205.195.129/30,2405:b800:1::154/127
TRCN3821CIBE002,Bundle-Ether34,10.205.195.133/30,2405:b800:1::156/127
