HOSTNAME,device/id,results__id,results__name
AGSPXAGSCICU001,33e89bbe-6da2-411e-9fca-7792a66b22bf,45b80aba-3ad1-427d-9ce0-7299f935812f,Loopback0
AGSPXAGSCICU001,33e89bbe-6da2-411e-9fca-7792a66b22bf,4cae5448-047c-441b-8b84-77dfe2f2dda3,Loopback1
ALF00634CICN001,5fce4f72-b3da-405f-a846-9a2c3e5a432d,8c066617-8456-408d-a134-762dd1b4b823,Loopback0
ALF00634CICN001,5fce4f72-b3da-405f-a846-9a2c3e5a432d,932c073e-7066-41e7-9087-9815517897a2,Loopback1
ALF00634CICN002,ab0e661e-fd2a-4da9-8825-293262456315,0fd4e7d4-4989-4da4-983e-46dbbd1e7f8b,Loopback0
ALF00634CICN002,ab0e661e-fd2a-4da9-8825-293262456315,8ef3f3dd-461e-43fa-8717-d3aa6c3cf63a,Loopback1
ALM00C07CICN001,d54b37a8-64a0-4797-9822-ed9e0398acaa,262c154a-cd5f-4824-8e7e-23de35f085ac,Loopback0
ALM00C07CICN001,d54b37a8-64a0-4797-9822-ed9e0398acaa,a54ce321-8495-416d-a01e-45660821ce8e,Loopback1
ALM00C07CICN002,901a3308-98f5-4177-84dd-a1339971a9a4,a513ac29-5b2e-4010-b59c-544897043dda,Loopback0
ALM00C07CICN002,901a3308-98f5-4177-84dd-a1339971a9a4,a0014fe1-7eb7-4e3e-96f8-7951571991eb,Loopback1
ALM00C07CICU001,7bf1ea50-2ebd-4a53-8890-370d6d104887,7ed8d3dd-d010-48dc-a180-89a81a5839be,Loopback0
ALM00C07CICU001,7bf1ea50-2ebd-4a53-8890-370d6d104887,974efd85-9659-4a79-a7db-c1d78e9af90c,Loopback1
AOO00C08CICN01,0d7d0f6a-65f5-49a3-b575-c9085f298e5c,263792c7-0789-4762-a466-43bb1f2c1b3f,Loopback0
AOO00C08CICN01,0d7d0f6a-65f5-49a3-b575-c9085f298e5c,153cbb1e-0268-4871-a704-0020914a3f2e,Loopback1
AOO00C08CICN02,e1359533-b7cc-463d-bd1a-34b3dab4c4f8,04baf037-8f49-4627-87e0-338d0e03fca7,Loopback0
AOO00C08CICN02,e1359533-b7cc-463d-bd1a-34b3dab4c4f8,fdcda6fa-6f52-4411-8aa0-0554b3d3cd2b,Loopback1
APL00529CICN001,036798d0-0695-44b0-a658-e75d01009e09,789bb74d-ab1c-403f-91a6-c61c5792a53d,Loopback0
APL00529CICN001,036798d0-0695-44b0-a658-e75d01009e09,94cbac08-41b9-491f-a80c-acee4f3ba971,Loopback1
ASI00C10CICN001,7fd87680-89f8-4042-bdca-9d5fb2c29eaf,33bbaa5a-b10b-44f5-821e-a337ecf3a03b,Loopback0
ASI00C10CICN001,7fd87680-89f8-4042-bdca-9d5fb2c29eaf,6c444755-ac9a-4267-b962-605eb0f6e2ae,Loopback1
ASI00C10CICN002,1f0f87e5-b580-4bc8-83d8-630603133d1f,e37e517d-a855-40b7-9b0f-c9514bab55bf,Loopback0
ASI00C10CICN002,1f0f87e5-b580-4bc8-83d8-630603133d1f,319867af-d4f6-43d2-9957-0e453f3ef2b7,Loopback1
ATT00T02CICU001,5d4eeb84-82b8-4464-9be9-1fc06ef43b4c,ef1fac90-944a-4a88-830f-0aa32b86f98a,Loopback0
ATT00T02CICU001,5d4eeb84-82b8-4464-9be9-1fc06ef43b4c,26651bd0-6b0a-4764-8a0b-64ea8d8e85c0,Loopback1
BAB00B13CICU001,ddb3305d-ee9a-4588-8fa7-a2aa7f319da1,c6e578eb-2f13-4bdf-a91b-2f58491dd395,Loopback0
BAB00B13CICU001,ddb3305d-ee9a-4588-8fa7-a2aa7f319da1,a4bf475b-dba2-40cf-98c5-10bb17203faf,Loopback1
BAB00B90CICN001,229f8a86-20ee-4c62-8d11-e2fb0791fe8b,00834c62-49ff-4bc6-95ba-966cee5ca1f8,Loopback0
BAB00B90CICN001,229f8a86-20ee-4c62-8d11-e2fb0791fe8b,9dd3704b-2427-4bae-8783-eb881eb1c7a3,Loopback1
BAB00B90CICN002,4df33ad3-4a5b-4d3b-9590-0d40d6eb38b5,f8e01a5f-ff77-4029-b0ef-1d91939806f6,Loopback0
BAB00B90CICN002,4df33ad3-4a5b-4d3b-9590-0d40d6eb38b5,f921974a-41f6-461c-9b90-2c06abcffcb7,Loopback1
BABPXBABCICN001,ebb34de6-9704-4bb9-85d8-72eb129dd632,bd888636-58ad-4bbb-9a64-7e0db8373192,Loopback0
BABPXBABCICN001,ebb34de6-9704-4bb9-85d8-72eb129dd632,3db09fd6-5bf6-4168-8c11-b5b1c34ed365,Loopback1
BABPXBABCICN002,f44d5e06-010e-4c29-98da-dfa89b94e954,721b3f65-b2fe-442a-8541-6bbb4a354722,Loopback0
BABPXBABCICN002,f44d5e06-010e-4c29-98da-dfa89b94e954,1ecab482-233e-4d05-89c9-8368ea87c77a,Loopback1
BAL06114CIBE001,3414f51f-ae2d-4d2d-b57f-c06b8adda987,11259d77-f137-4747-8c72-f5ba54643438,Loopback0
BAL06114CIBE001,3414f51f-ae2d-4d2d-b57f-c06b8adda987,46596d6b-1072-4777-bc5f-8cb377b16936,Loopback1
BAL06114CIBE002,37e9e822-57d0-438a-9b5e-c28309a99486,d5a2ad77-776d-4b74-9c61-46ae6d0119da,Loopback0
BAL06114CIBE002,37e9e822-57d0-438a-9b5e-c28309a99486,9ad03042-e1fb-47f9-ad8a-ea613600929e,Loopback1
BAT00B04CICN001,84b01c6f-6c1d-4130-9b15-f8a73bc8715b,1840b47f-343c-40c9-9690-44223e517c5d,Loopback0
BAT00B04CICN001,84b01c6f-6c1d-4130-9b15-f8a73bc8715b,b38849b3-1ae7-4ce2-b30c-8ef9bb31348f,Loopback1
BAT00B04CICN002,9f6654ad-ac71-4c23-bc84-b19a730dddb9,2d95ffe8-2ff7-48c3-b231-4019af933a8e,Loopback0
BAT00B04CICN002,9f6654ad-ac71-4c23-bc84-b19a730dddb9,d73f6a41-8a52-447c-8edb-e0e44c00ac0f,Loopback1
BATPXBATCIBP001,2345e526-ae8b-4ba7-8593-810354a2a4de,746408de-410c-486d-bb40-eade8819f1f4,Loopback0
BATPXBATCIBP001,2345e526-ae8b-4ba7-8593-810354a2a4de,6e5f2e05-42f8-4a11-b459-7bad52d61d8a,Loopback1
BATPXBATCIBP002,b4813a4c-768c-4677-99d5-3a4592ff44ee,531ee816-4c3f-4d7e-bdf0-59bbd7c44f7d,Loopback0
BATPXBATCIBP002,b4813a4c-768c-4677-99d5-3a4592ff44ee,4628f82f-f2bf-4e37-8389-85557f15b7ee,Loopback1
BATS0002CIBE001,e521e7fa-3ba9-497a-8fc2-bb4ad5c82c6e,bc16380a-0755-4b64-9cd5-af0032b0d058,Loopback0
BATS0002CIBE001,e521e7fa-3ba9-497a-8fc2-bb4ad5c82c6e,bbc8c630-40db-4ae2-aad3-fd93ad50e78c,Loopback1
BATS0002CIBE002,5e8104db-a555-4908-9909-f00a8925be93,0fc46a6a-a688-40dd-856b-83ddccc732fa,Loopback0
BATS0002CIBE002,5e8104db-a555-4908-9909-f00a8925be93,4f2dc51c-b6a3-45ac-ad18-81f26ed93f42,Loopback1
BATS0002CICU001,5ce888b9-8482-4641-8ddb-3208838ff82a,acbcf8cc-f600-4a71-ac17-625464f8c4a9,Loopback0
BATS0002CICU001,5ce888b9-8482-4641-8ddb-3208838ff82a,220eedb1-b8b0-44f2-b84b-198c62f20e16,Loopback1
BAY00625CICN001,c55298b7-f586-4129-baf4-f421a1c7808a,12ab9d23-39d1-4a65-8186-95ee2027f5ea,Loopback0
BAY00625CICN001,c55298b7-f586-4129-baf4-f421a1c7808a,35d85d08-f88e-454f-a381-741ab8f6dec4,Loopback1
BAY00625CICN002,a16abff8-98e9-4c6c-afb9-52a1db8c117d,b2e4c5d0-e1da-4692-bb05-da2dfef2d284,Loopback0
BAY00625CICN002,a16abff8-98e9-4c6c-afb9-52a1db8c117d,4cbf0169-4a2e-4a14-b9d1-fa2f73a65438,Loopback1
BBG00C82CICN001,1f29ac6b-556f-41b2-9e58-e83745e48f30,8b36d1cb-9b72-4813-b5f9-e673036f475c,Loopback0
BBG00C82CICN001,1f29ac6b-556f-41b2-9e58-e83745e48f30,d1cb5637-b7ed-4d6f-8914-340f4c6438c1,Loopback1
BBG00C82CICN002,2fbbf6dc-7120-4de6-a6d3-52d538e8fe16,1566ae82-7df4-4a23-b26b-b6a284ef275f,Loopback0
BBG00C82CICN002,2fbbf6dc-7120-4de6-a6d3-52d538e8fe16,d4bf862a-fb7e-46d4-860d-2215d3a295bc,Loopback1
BCR00S33CICN001,e079b4f0-b5bc-4161-bf02-9e8ab17f969d,0af63c3c-8d97-486f-8759-773b9a4d2148,Loopback0
BCR00S33CICN001,e079b4f0-b5bc-4161-bf02-9e8ab17f969d,03c0cca7-c2a6-4bfc-be71-acb8ad8f9ac2,Loopback1
BCR00S33CICN002,71600069-9eab-425f-83d0-141381371839,761732b5-1b6f-4c1e-a385-c66a34dc09e5,Loopback0
BCR00S33CICN002,71600069-9eab-425f-83d0-141381371839,4e294c70-88cb-4526-97fe-689236349e8d,Loopback1
BCR00680CICN001,33b8a7e0-78ff-4b80-9d06-ff477787703b,a2399be0-70d5-4b7b-98dd-eccac3b8ad13,Loopback0
BCR00680CICN001,33b8a7e0-78ff-4b80-9d06-ff477787703b,c1a5d275-bede-47f0-9888-7efa9fe29dac,Loopback1
BCR00680CICN002,f96e62f0-0eff-4a97-ab5d-a41ccb55e1f0,a3064863-f2f0-4f60-b0ec-1a1b76612c2f,Loopback0
BCR00680CICN002,f96e62f0-0eff-4a97-ab5d-a41ccb55e1f0,9ab43d08-cbb3-44a8-9673-1007213aac22,Loopback1
BCRPXMOLCICU001,17284774-272d-4185-a494-f44b4a2a17a6,680ab956-3cf1-4a16-a7ae-643f8a73fb42,Loopback0
BCRPXMOLCICU001,17284774-272d-4185-a494-f44b4a2a17a6,8afdd7e9-4201-4b29-a0e7-78fb4de89580,Loopback1
BGO00V61CICN001,0c2fc495-6412-4d20-956c-7e33b5e2d6e4,190f5c9e-a573-4337-9e1e-7191052ff970,Loopback0
BGO00V61CICN001,0c2fc495-6412-4d20-956c-7e33b5e2d6e4,75e94526-aab3-4e2d-b6fd-3d0375108636,Loopback1
BGO00V61CICN002,bfa82bad-76fe-442f-8941-1b9bc9cf8150,f8d18c8c-14d1-40a5-947e-6484eaae403e,Loopback0
BGO00V61CICN002,bfa82bad-76fe-442f-8941-1b9bc9cf8150,5886dea5-a808-4345-a63c-1a87b7163aa5,Loopback1
BGO05352CIBE001,51b98e7f-f5fd-4ae3-95b6-dcd71ca9e775,538ba92a-54b3-4636-a67b-1a0bf2988624,Loopback0
BGO05352CIBE001,51b98e7f-f5fd-4ae3-95b6-dcd71ca9e775,5f4e4dba-00dc-4401-9ec6-3ba90f37a4bb,Loopback1
BGO05352CIBE002,cb92c860-66bd-4646-b7d2-fa3931c99ab3,09907e71-acb3-414d-8db4-d6a5334ff05f,Loopback0
BGO05352CIBE002,cb92c860-66bd-4646-b7d2-fa3931c99ab3,8664bbd8-f791-4638-adc8-844571174998,Loopback1
BGOPXBGOCICU001,b1298d16-e084-4a83-84cc-c46988696e20,a7780218-be36-49d9-82c1-ff6f866d8d89,Loopback0
BGOPXBGOCICU001,b1298d16-e084-4a83-84cc-c46988696e20,9c1c5133-350a-4d98-96dd-9e77c361cf28,Loopback1
BGOPXBGSCICU001,146ed589-ad56-4848-8063-083d5534beff,50aeec4c-41bd-4320-8c8f-573d4c401b7e,Loopback0
BGOPXBGSCICU001,146ed589-ad56-4848-8063-083d5534beff,f8c7c448-2f2c-451b-9af0-9cf3941bcbbc,Loopback1
BGR05664CICN001,cc6a7d54-bfb2-4197-9b85-032f6f64b244,ebc475e4-8a2b-4e5d-a2be-148d89eb0525,Loopback0
BGR05664CICN001,cc6a7d54-bfb2-4197-9b85-032f6f64b244,96a3b681-dbeb-44dd-a1bf-5796e736a41c,Loopback1
BKO03813CICN001,6abc87ec-8ac2-493a-8791-e2b3a8e4d139,a5e2fffa-e8ac-4ce4-87bd-52385b83e79e,Loopback0
BKO03813CICN001,6abc87ec-8ac2-493a-8791-e2b3a8e4d139,5b625d5b-d842-4f18-a2cf-5a4d399cf8c5,Loopback1
BKO03813CICU001,a71ad210-c93a-48bb-a0df-29e8c108dd60,42325d6b-00ec-4c88-8ef8-2ff873e6dc82,Loopback0
BKO03813CICU001,a71ad210-c93a-48bb-a0df-29e8c108dd60,7bac37f8-6c93-4d28-9792-f942840b3ab7,Loopback1
BLA00522CICN001,753f6082-5e4e-4219-aba7-5bb6457fc61d,3ed67830-1446-4d34-a18e-2eac733b3091,Loopback0
BLA00522CICN001,753f6082-5e4e-4219-aba7-5bb6457fc61d,2c823694-91de-4eb8-842f-cda6032ce7ed,Loopback1
BLA00522CICN002,5432b8f0-1c6d-4d60-b574-79e7093749d9,ae13fd3b-622a-48ea-ac79-40e62d657360,Loopback0
BLA00522CICN002,5432b8f0-1c6d-4d60-b574-79e7093749d9,2a9fd352-389f-466f-880e-997b6974dab1,Loopback1
BLAPXBLACICU001,c0f22534-fcc2-4e93-9e8d-eb3c4d2e7839,ad5af94e-f7e9-4e6b-a3d4-c74936c8f0f2,Loopback0
BLAPXBLACICU001,c0f22534-fcc2-4e93-9e8d-eb3c4d2e7839,264ab488-9140-49be-9262-9a41c2cc483a,Loopback1
BLL00O74CIBE001,0c3e4644-9f64-4c5c-8fec-1dab15d87742,135a70d0-676d-4850-b9ae-badb5f9efd9c,Loopback0
BLL00O74CIBE001,0c3e4644-9f64-4c5c-8fec-1dab15d87742,feeba57f-44f7-401f-91c5-0f0a247c1c33,Loopback1
BLL00O74CIBE002,8e77516c-bac1-4c51-966d-949185820640,c4bfeb45-36f2-4115-b914-58e100ac81f3,Loopback0
BLL00O74CIBE002,8e77516c-bac1-4c51-966d-949185820640,6fae9862-c4d0-42ea-9973-955f269e937a,Loopback1
BMB00C27CICU001,b4aef6f3-826e-4e46-8829-2a7b3029ba6d,8d8b9227-723e-4b37-aa76-9bca93178a5f,Loopback0
BMB00C27CICU001,b4aef6f3-826e-4e46-8829-2a7b3029ba6d,94893644-83fc-4fe3-bc82-69d742b58847,Loopback1
BMLPXBMLCICU001,c1fe066b-6230-4d3c-bc62-b788391e2862,bbec02d5-c75e-4f58-a169-bd347d74583a,Loopback0
BMLPXBMLCICU001,c1fe066b-6230-4d3c-bc62-b788391e2862,6e16bef5-f739-46d3-beee-f9d631575937,Loopback1
BNE00C36CICN001,7cc4be06-e3b6-4370-9d34-9335f6e754cd,637dd11b-5d51-40a7-b3db-450704784d88,Loopback0
BNE00C36CICN001,7cc4be06-e3b6-4370-9d34-9335f6e754cd,a0b22045-e084-4615-9d2b-71528bd9e59d,Loopback1
BNNPXLIICICU001,95b2d982-5682-440c-9f56-91bc225af74e,732aab9f-db05-438f-aa4b-d855e7d7b516,Loopback0
BNNPXLIICICU001,95b2d982-5682-440c-9f56-91bc225af74e,381bf085-3078-4fcc-bc1e-9ac709525ee0,Loopback1
BNNS0801CICU001,019cc95b-4a92-4829-b37d-7c4f730ed94f,0b938c6f-1a22-4a5f-b257-db3d2cad98d2,Loopback0
BNNS0801CICU001,019cc95b-4a92-4829-b37d-7c4f730ed94f,66167d09-a60a-442e-8259-a2bb812a10d1,Loopback1
BOAPX201CICN001,a775623e-1b8d-4474-bfb3-8ffdbe2ae293,e9b31c06-39c8-49fb-8b19-91bdeee5b9e1,Loopback0
BOAPX201CICN001,a775623e-1b8d-4474-bfb3-8ffdbe2ae293,e18220c0-7c24-4602-8158-6c4d0228211d,Loopback1
BOAPX201CICN002,5a1c31dd-bd35-4546-ad46-49b858d581e2,8757e9b1-55a1-47b4-9fa6-4b99e7380ae2,Loopback0
BOAPX201CICN002,5a1c31dd-bd35-4546-ad46-49b858d581e2,d86f0708-2777-4cf0-a9b8-788aa075870f,Loopback1
BOAPX201CICU001,786cae0f-26a4-417a-ae82-ee92ced006cf,668541a5-eb6b-48f7-8d21-915ffa902cc0,Loopback0
BOAPX201CICU001,786cae0f-26a4-417a-ae82-ee92ced006cf,bd54d2e9-ad58-4a82-bc9c-becb88f55f06,Loopback1
BON00C36CICN002,1a705c9f-c170-4592-8cda-18fa40ae98a5,04a324fe-0c59-48f6-953d-8332593e7a13,Loopback0
BON00C36CICN002,1a705c9f-c170-4592-8cda-18fa40ae98a5,c4c3a05f-64fa-4860-9e35-8d8aac4983ca,Loopback1
BTY00C15CICN001,35071e7d-a931-41bd-a83e-207529ef5062,0580c758-ed90-4877-a465-2868c233c6b0,Loopback0
BTY00C15CICN001,35071e7d-a931-41bd-a83e-207529ef5062,ddf00876-74e3-4cd7-9aa9-98269d5de49d,Loopback1
BTY00C15CICN002,0f8c5f19-d5e3-495e-85c8-0fe3d67fbfa5,9f1a1d1f-38aa-4d23-aec0-926da0fec1c3,Loopback0
BTY00C15CICN002,0f8c5f19-d5e3-495e-85c8-0fe3d67fbfa5,0bb4d1bc-5ff9-402b-82c1-f01b9157015b,Loopback1
BVT04682CICN001,875c1c70-4060-48c3-9475-bfe9f5e1e1b8,581a1c5b-ccc5-4a13-9617-265190e43d6b,Loopback0
BVT04682CICN001,875c1c70-4060-48c3-9475-bfe9f5e1e1b8,ee6edfe7-7ff0-47ad-885b-85a571277e66,Loopback1
BVT04682CICN002,25203a0b-44b7-48b9-bda7-97bce154a654,447aca8c-cbd2-46ca-b585-0c01c459ef0d,Loopback0
BVT04682CICN002,25203a0b-44b7-48b9-bda7-97bce154a654,a670f72f-3e87-4d7d-af94-13abbdaeedbc,Loopback1
BYB00C02CICN001,4a4e0509-de70-4153-9930-7d839aee1108,50cc31a4-2ccb-4ea7-be32-c76f3ebdaef6,Loopback0
BYB00C02CICN001,4a4e0509-de70-4153-9930-7d839aee1108,345a48a7-09f4-4e14-8f3b-0f513efa5577,Loopback1
CAB06118CIBE002,6760d550-2a98-49b5-8386-7b675962416a,b448c015-8e87-4ce6-af6c-abb2646528bf,Loopback0
CAB06118CIBE002,6760d550-2a98-49b5-8386-7b675962416a,39531fc8-dbf8-4f65-b1e9-ad777d90366e,Loopback1
CABN5695CICU001,cd25fdec-bfa1-4c14-ae69-fe5f06f8663d,dc3f155f-76e5-4e69-a010-958a10a3bd8a,Loopback0
CABN5695CICU001,cd25fdec-bfa1-4c14-ae69-fe5f06f8663d,8a9f843b-3a10-4c58-aa52-78771fe1584b,Loopback1
CAPPXCAPCICN001,9001a2a8-cc07-4809-969e-022ebd7fb955,6950815b-c182-469b-a002-a5e356b471df,Loopback0
CAPPXCAPCICN001,9001a2a8-cc07-4809-969e-022ebd7fb955,530a1f42-de83-43d9-87fa-5547f59d1089,Loopback1
CAPPXCAPCICN002,b48de4dc-a425-4b1c-9f01-78ffdfe2dbf3,051b2ae7-b732-401a-96cb-1765f8dd16c1,Loopback0
CAPPXCAPCICN002,b48de4dc-a425-4b1c-9f01-78ffdfe2dbf3,0e4bc675-03b8-40bd-a708-e419cf614b67,Loopback1
CAPPXCAPCICU001,d5858304-0e29-4b09-962b-268a9709e7cf,7507d41c-291c-4230-b829-16d7a898ba54,Loopback0
CAPPXCAPCICU001,d5858304-0e29-4b09-962b-268a9709e7cf,cdf29151-8006-4f24-828d-42f2f65600f5,Loopback1
CAUPX101CIBE001,36c57743-0132-4ff4-9b19-ccff28aa6e60,2f91db14-319d-47b2-a755-9462e82cf7ff,Loopback0
CAUPX101CIBE001,36c57743-0132-4ff4-9b19-ccff28aa6e60,76feae2d-d5cd-4111-bcc2-3111db2f711c,Loopback1
CAUPX101CIBE002,d43d2b01-66cc-4131-9aad-f3dbccef561b,5ae73825-6d92-456f-9343-965ba5afe6d6,Loopback0
CAUPX101CIBE002,d43d2b01-66cc-4131-9aad-f3dbccef561b,e64dba57-3a26-4391-b550-91d31467d6bc,Loopback1
CBY04106CIBE001,908de827-8764-4b1f-bccb-e075f632dfe0,e59ec92c-1c65-4f04-9923-e480c5ee8845,Loopback0
CBY04106CIBE001,908de827-8764-4b1f-bccb-e075f632dfe0,e4c101f5-48c6-4b50-805d-79feb648c229,Loopback1
CBY04106CIBE002,b9e77a3e-acc9-4e48-89a6-4f6c96646f65,26039919-7a9a-4fd9-8639-735f2c4e8579,Loopback0
CBY04106CIBE002,b9e77a3e-acc9-4e48-89a6-4f6c96646f65,07ca682f-4951-49b2-ba75-2f960552887f,Loopback1
CKL00Y84CICU001,0ab92a66-b294-46cd-95eb-0ab5571c3c15,8f77eb03-2382-4e0d-bf81-4fd671b3cc70,Loopback0
CKL00Y84CICU001,0ab92a66-b294-46cd-95eb-0ab5571c3c15,0dd7ceee-1771-4380-a4a4-a0d331bc20e8,Loopback1
CKLN8004CIBE001,05cabecf-1197-48b5-a19f-eaab5ad5df59,972c8a55-1a34-4fbf-acb6-bd4227123981,Loopback0
CKLN8004CIBE001,05cabecf-1197-48b5-a19f-eaab5ad5df59,b43a3332-432b-49b7-ae14-471b02459f08,Loopback1
CKLN8004CIBE002,653333b6-a153-4b0b-a7fc-872ca5b65145,20893ba8-ebb5-44fe-b837-2313bda7f5d9,Loopback0
CKLN8004CIBE002,653333b6-a153-4b0b-a7fc-872ca5b65145,817f8ca6-27d0-492d-aff6-21bc2f32fca3,Loopback1
CLA00633CICU001,6337ca35-7f74-4296-bfdc-73a9d38b5d5f,58ac2aed-e392-40d3-b9f4-1532eeef135b,Loopback0
CLA00633CICU001,6337ca35-7f74-4296-bfdc-73a9d38b5d5f,cbd5304a-6449-445a-a6ab-ef7a9f499943,Loopback1
CLAPXCSECICU001,13506ae9-5c96-4915-85f7-c07335988f2a,da948c18-b600-497d-9dec-4b276484f936,Loopback0
CLAPXCSECICU001,13506ae9-5c96-4915-85f7-c07335988f2a,873796a4-d3ec-4947-b2bd-1920275ad996,Loopback1
CLAS3548CIBE001,e0308ebb-2210-4bfa-a46b-c0290a6d92f4,f04e661b-294f-45da-8715-07219fe0080d,Loopback0
CLAS3548CIBE001,e0308ebb-2210-4bfa-a46b-c0290a6d92f4,68f7e820-e0a5-4eb7-ab3b-911f6d1434b1,Loopback1
CLAS3548CIBE002,72fb195d-7f95-4d36-971a-aa550ed213cb,ff2f0108-9444-439a-a1c8-1b2215b49aea,Loopback0
CLAS3548CIBE002,72fb195d-7f95-4d36-971a-aa550ed213cb,dfdbbc97-f25e-4f78-a950-c408f0f3379e,Loopback1
CML00549CICN001,75c616ac-9daf-4a1a-999a-4ab30ac2b7f2,6d2892c6-1d36-455d-808a-ae18228ea646,Loopback0
CML00549CICN001,75c616ac-9daf-4a1a-999a-4ab30ac2b7f2,2ecbbcf6-8b53-4627-92a3-49b57226306f,Loopback1
CML00549CICN002,25ecbecb-bf52-465d-bd3b-69c0a4dafbee,246064b5-2546-482a-83ed-49d0365c880a,Loopback0
CML00549CICN002,25ecbecb-bf52-465d-bd3b-69c0a4dafbee,25cbf10e-d589-48dd-aaaf-0633bbdb1809,Loopback1
CMLPXCMLCICN001,c90174e4-b562-4fe5-a223-c4159589f25a,e52d293a-3608-4b97-9a36-e5cc570eb6f2,Loopback0
CMLPXCMLCICN001,c90174e4-b562-4fe5-a223-c4159589f25a,6ab2dfdb-d7d7-4474-969b-c1e337ea54ab,Loopback1
CMLPXCMLCICN002,b81103d1-8a77-41e5-9e5c-f7d1d56b62a2,8cb830d8-4539-4845-890f-92368e62db07,Loopback0
CMLPXCMLCICN002,b81103d1-8a77-41e5-9e5c-f7d1d56b62a2,19a1b7c5-29f5-4007-b1e5-73bc3f3ebf55,Loopback1
CMN00614CICN001,ee2d1e03-c43b-42d8-8997-7d212a471f5e,2a1f0158-15b9-4ca7-b29c-f91e232232fb,Loopback0
CMN00614CICN001,ee2d1e03-c43b-42d8-8997-7d212a471f5e,dd6a7973-99c4-4ee8-99bd-d8526b6c04d4,Loopback1
CMN00614CICN002,0fd54015-7b1b-45b5-8d1e-4db69600b026,d296f1dc-28d1-4b37-8381-810ed39679d8,Loopback0
CMN00614CICN002,0fd54015-7b1b-45b5-8d1e-4db69600b026,343bff07-c6fb-457f-abe5-0dbda6f76d8a,Loopback1
CMN05702CICN001,38eed6e4-03ae-4de1-b373-953868d5aa4b,6465ff4e-c485-4ca3-8400-b1b3445b35a6,Loopback0
CMN05702CICN001,38eed6e4-03ae-4de1-b373-953868d5aa4b,ba53000d-4f53-45ee-b856-4e0f8127c834,Loopback1
CMN05702CICN002,e1497912-c6bf-4056-8d17-c2390529b2f2,00843ae6-17cb-42b9-8b33-7bc368dc4dbc,Loopback0
CMN05702CICN002,e1497912-c6bf-4056-8d17-c2390529b2f2,166ad2c6-5463-4cd2-916a-f65ee4992c3e,Loopback1
CMN05702CICU001,c29a609f-68c2-4a8a-a741-e81b85b088ba,1093bffb-a207-44cc-8b10-e1444db08aaf,Loopback0
CMN05702CICU001,c29a609f-68c2-4a8a-a741-e81b85b088ba,640d18ef-ac8b-48a8-9153-94a641439e03,Loopback1
CON00O39CICN001,529518f8-0f0b-417c-8a65-e43ebfd2232c,01b7b277-7098-45ba-9881-e63927e28445,Loopback0
CON00O39CICN001,529518f8-0f0b-417c-8a65-e43ebfd2232c,e29a2c68-3e29-4864-8209-b60e14015634,Loopback1
CON00O39CICN002,a39279c5-9585-4c2f-bc58-c0fd606c50a5,f56c1179-e2fc-4602-bf77-c53544b9a03a,Loopback0
CON00O39CICN002,a39279c5-9585-4c2f-bc58-c0fd606c50a5,755ccc50-d212-4b13-8e54-ba0dcfd6e0af,Loopback1
CTN04702CICU001,2e82feab-ada9-4cc7-a2ae-394b9a8283de,363b89fd-c8cf-4028-a136-06c418871c85,Loopback0
CTN04702CICU001,2e82feab-ada9-4cc7-a2ae-394b9a8283de,9e90be26-aa49-4a34-89d3-d8c796197a35,Loopback1
CUR00C80CICN001,de4fcc15-79d2-4da8-bfe4-50f505465f1f,77f711f6-c185-426c-b0f2-722e045b6856,Loopback0
CUR00C80CICN001,de4fcc15-79d2-4da8-bfe4-50f505465f1f,98c87d4b-58c2-4ef3-bb0d-c4e23ed8c2b6,Loopback1
CUR00C80CICN002,ea5241e3-aa2b-44fb-b332-ab03b067861a,4f31a104-db17-4368-93e5-05e3ac449df8,Loopback0
CUR00C80CICN002,ea5241e3-aa2b-44fb-b332-ab03b067861a,b9c0e824-b1db-44d7-a167-785026b03919,Loopback1
CUR00C80CICU001,430db447-9c25-4252-a024-73e77c7dea95,f8b61407-525d-4595-a260-c64a928b5f87,Loopback0
CUR00C80CICU001,430db447-9c25-4252-a024-73e77c7dea95,08b54eca-3d9b-41ab-9608-aa6beb89ce0b,Loopback1
CYN06113CIBE001,bd9311c0-935a-40c0-adb4-75a0c80c4a57,eb2e28af-f652-42e8-ab63-dd78a4e8a7ab,Loopback0
CYN06113CIBE001,bd9311c0-935a-40c0-adb4-75a0c80c4a57,eab35b72-c82b-42be-880d-2ee629791d99,Loopback1
CYN06113CIBE002,a4d06630-0a8f-40e7-863b-b6c7a1816449,9df9bd17-1232-4b1a-a63b-2319fc01fc2d,Loopback0
CYN06113CIBE002,a4d06630-0a8f-40e7-863b-b6c7a1816449,fe8e7310-7519-479d-97e3-659839314bbd,Loopback1
CYNPXCYNCICU001,ceb938ef-bbc5-4adb-893e-abde809972cc,d0461d29-00b7-4095-9d14-10aed5608903,Loopback0
CYNPXCYNCICU001,ceb938ef-bbc5-4adb-893e-abde809972cc,1171920e-ed2e-4fb2-b016-ef3f250cffd2,Loopback1
DAS00S39CICN001,1d2b5383-02df-44cd-bc7a-3e0c4c2bc576,e7ecfcb8-4f8e-4125-9d12-eb73b92929e5,Loopback0
DAS00S39CICN001,1d2b5383-02df-44cd-bc7a-3e0c4c2bc576,870c2aa3-e6f4-40e9-a3a6-5e211d087c2e,Loopback1
DAS00S39CICN002,b899d9f4-5aed-4099-977c-e565c5b3872b,2a9ed9c2-3cc5-4a14-b566-584db1b7ea2d,Loopback0
DAS00S39CICN002,b899d9f4-5aed-4099-977c-e565c5b3872b,1ba4d335-458f-419b-94c2-f3162c4e34d9,Loopback1
DAS00S39CICU001,9560e2fb-29ef-4031-957c-b8c94b11f2d2,83a89340-4cce-4f4b-82e8-804520f7d037,Loopback0
DAS00S39CICU001,9560e2fb-29ef-4031-957c-b8c94b11f2d2,35619668-1c61-4ea1-a8fa-07e4fb633cba,Loopback1
DASPXDASCIBE001,62cbb658-79d6-40f5-8db4-8af83fc6f6f1,cebc880f-51e1-40c6-9a5c-9b0343fd6676,Loopback0
DASPXDASCIBE001,62cbb658-79d6-40f5-8db4-8af83fc6f6f1,66791de5-aec5-4fb8-a30b-e8eac0819142,Loopback1
DASPXDASCIBE002,ec0edf69-5039-4fe9-b197-7e43f5c3ef9a,da2e566c-5080-4f29-9458-308deeaf6b99,Loopback0
DASPXDASCIBE002,ec0edf69-5039-4fe9-b197-7e43f5c3ef9a,9ef5f733-0808-44c0-b77e-907ff66f4652,Loopback1
DGPN3809CIBE001,c6c5561f-9b22-4e40-bea7-f24989747774,f809ff3c-36ac-4c03-85da-02708e39bae1,Loopback0
DGPN3809CIBE001,c6c5561f-9b22-4e40-bea7-f24989747774,d54abf60-fa8f-471f-b889-db8666291927,Loopback1
DGPN3809CIBE002,f91874ae-5f0f-4d62-ae93-55ea0da84c82,bbfb2473-c350-4623-b670-ceaaf51fc009,Loopback0
DGPN3809CIBE002,f91874ae-5f0f-4d62-ae93-55ea0da84c82,bfee988d-10da-4a9c-84c9-ee2cc82e6c5f,Loopback1
DGPPXDGPCICU001,333b6c9e-f360-4a4c-bf6c-fed59e8ea9e6,8184eebe-26c2-4e45-ade9-79666dae1c0c,Loopback0
DGPPXDGPCICU001,333b6c9e-f360-4a4c-bf6c-fed59e8ea9e6,97f36947-e7c4-431a-a2cc-b4d645e5c660,Loopback1
FLBPXFLBCICN001,bd677c61-d00b-402b-bf98-3005591e06dc,f1e24027-cc31-403d-aca9-ef4c70ea24c9,Loopback0
FLBPXFLBCICN001,bd677c61-d00b-402b-bf98-3005591e06dc,223283af-00c4-48c6-a44a-082786c341bb,Loopback1
FLBPXFLBCICN002,39f0bb3d-55f3-4e8b-9876-fd3d068d9413,fce75cab-4348-4069-afb9-1bb0cb709624,Loopback0
FLBPXFLBCICN002,39f0bb3d-55f3-4e8b-9876-fd3d068d9413,91e53a80-7ecd-440d-98bf-dda5ff89d1ef,Loopback1
FLBPXFLBCICU001,08962320-21c7-4c32-8150-9656f5bed094,da5679a8-5686-4344-b662-583b8404cef3,Loopback0
FLBPXFLBCICU001,08962320-21c7-4c32-8150-9656f5bed094,03c5df68-4062-4fa1-8aa9-2809dd78a33e,Loopback1
GBAPXGBACICU001,cb52e162-7c55-475d-b401-931ba22e4de0,ca39da4a-adbc-4af6-bb52-01e3dfe1106e,Loopback0
GBAPXGBACICU001,cb52e162-7c55-475d-b401-931ba22e4de0,fa8de92e-a447-42a9-b344-6222760d8c34,Loopback1
GGTPXGGTCICU001,0d7e4798-131a-4d19-a06f-ce44622e225c,2d01271a-1086-4130-b820-93af0ffc9c23,Loopback0
GGTPXGGTCICU001,0d7e4798-131a-4d19-a06f-ce44622e225c,2f9b28cb-25b8-4cfe-adba-8a6335b39ea6,Loopback1
GMC00B43CICN001,c91a1a16-39ae-45f2-a5a3-323f7154ecb4,1ba14ddd-4bf1-4f64-aeb3-609f8ce67069,Loopback0
GMC00B43CICN001,c91a1a16-39ae-45f2-a5a3-323f7154ecb4,7f3ca913-ab33-4894-ba5b-2e23da954a4f,Loopback1
GMC00B43CICN002,6b499467-75c2-481f-ad6d-00196c2215f1,d45696f1-eb5d-4d82-97ee-c4b4fa55f33b,Loopback0
GMC00B43CICN002,6b499467-75c2-481f-ad6d-00196c2215f1,0df5301e-9e4f-4cae-b920-7f6b8e24dee5,Loopback1
GMC00B43CICU001,2ac35671-8f4b-4785-ab00-904ecb4021bd,aee370f3-acdd-4f7c-b811-48b5cf1c0d38,Loopback0
GMC00B43CICU001,2ac35671-8f4b-4785-ab00-904ecb4021bd,eee1b124-afa1-4204-8a0b-05da2b473b73,Loopback1
GPN00542CICN001,a4c9c449-da3e-43b1-9774-b0448c5dba6c,b7fd9526-54a3-4592-bfab-3018e3579ad2,Loopback0
GPN00542CICN001,a4c9c449-da3e-43b1-9774-b0448c5dba6c,97835b28-7e2d-4f27-9607-895652ea69ba,Loopback1
GPN00542CICN002,bed6ec91-b1dd-4382-94e3-4db0f1a59d71,56142012-138d-4620-9712-9aca9985e0ba,Loopback0
GPN00542CICN002,bed6ec91-b1dd-4382-94e3-4db0f1a59d71,c01ff919-332e-4006-90f8-949ea1cc24f5,Loopback1
GPNPXGPNCICU001,88eb5237-f80e-4b92-80f2-bdeeccba0a12,2ea06db0-4b62-4064-b82f-8f0c69b7223e,Loopback0
GPNPXGPNCICU001,88eb5237-f80e-4b92-80f2-bdeeccba0a12,6097c21d-2783-44d5-971f-177294ca77b4,Loopback1
GTRN1773CICN001,550fe094-c69c-457a-93b4-75a24c7b4b87,46fa44b0-6278-4c81-b0be-8459bc8233cc,Loopback0
GTRN1773CICN001,550fe094-c69c-457a-93b4-75a24c7b4b87,ac02affe-5c90-4524-9949-d455c9f81d01,Loopback1
GTRN1773CICN002,1e861d9f-e27c-4d65-9918-2d8e24327bf9,e5246d04-cc9a-4869-b3cc-3613ef8f0c07,Loopback0
GTRN1773CICN002,1e861d9f-e27c-4d65-9918-2d8e24327bf9,9310cfb7-38eb-4973-87fc-15180fe0d5bb,Loopback1
HMS00514CICN001,57b2de98-b060-49dc-8242-f7e06f521eb5,1dccf67a-d224-42e3-9c14-e00ea1a2a0f3,Loopback0
HMS00514CICN001,57b2de98-b060-49dc-8242-f7e06f521eb5,ac103123-f0fa-486f-9611-e8ca44d16dec,Loopback1
HMS00514CICN002,30b894d1-6455-4384-966e-74fbec50c48e,26583aaf-0553-4bf3-9b12-3f10eeebacb3,Loopback0
HMS00514CICN002,30b894d1-6455-4384-966e-74fbec50c48e,d534ed9d-2ec6-4ec4-9ff9-006172c9da2f,Loopback1
IBAN0083CICU001,b075b815-12ff-4596-9837-e27f0cf34983,798cb918-4fa9-454f-809e-823c73d4d000,Loopback0
IBAN0083CICU001,b075b815-12ff-4596-9837-e27f0cf34983,bb3c9eac-aafa-494b-b60d-a08426984cac,Loopback1
IBN00B02CICN001,6945b1b2-40fd-4d18-92c5-b8d457769531,6561c3a9-250a-4496-bbad-8e500bab6834,Loopback0
IBN00B02CICN001,6945b1b2-40fd-4d18-92c5-b8d457769531,8c5050c8-4291-4070-b407-2b77d376ecd9,Loopback1
IBN00B02CICN002,70db0762-5520-4b86-bcc3-2872ca1e624f,79bdcc75-842d-4ec2-afa4-2efe4d07b63d,Loopback0
IBN00B02CICN002,70db0762-5520-4b86-bcc3-2872ca1e624f,f55b0655-b404-4529-ac5b-c67d4b6363cc,Loopback1
IDGPXIDGCICN001,ae81c680-3790-4826-8959-a96d4de760b8,37286197-9278-4d3c-8924-9ab8a773af98,Loopback0
IDGPXIDGCICN001,ae81c680-3790-4826-8959-a96d4de760b8,ed16a62e-bf6a-46db-8add-e8fc90f04952,Loopback1
IDGPXIDGCICN002,19a6173a-376c-4b06-b7cb-6d46bb15b891,9169a290-db83-4e1a-854c-00f85031d853,Loopback0
IDGPXIDGCICN002,19a6173a-376c-4b06-b7cb-6d46bb15b891,f4040327-1aa0-4c00-99bc-8c9ffa3ce4d6,Loopback1
IFA04709CICN001,b1e3d67d-fe65-4b40-b165-0876149a6b6b,40e104c9-6dca-449f-a599-3ab2a76902f2,Loopback0
IFA04709CICN001,b1e3d67d-fe65-4b40-b165-0876149a6b6b,8ce7008b-5db4-42c7-9a1c-c40d92da0f96,Loopback1
IFA04709CICN002,79e1246e-cc01-4ef3-aa19-7edad507fc0c,e584b524-1cfd-4bfd-bb6b-3b49d4c1399c,Loopback0
IFA04709CICN002,79e1246e-cc01-4ef3-aa19-7edad507fc0c,45b8d5a6-b8a3-41e4-a5b1-52166da68204,Loopback1
ILA00C31CICU001,63943cb7-a553-4520-b590-49350e92a495,8748a5df-8423-4a8b-aff1-e3778fb617e4,Loopback0
ILA00C31CICU001,63943cb7-a553-4520-b590-49350e92a495,9dd02227-acb0-4a82-807d-7561b1274c47,Loopback1
ILA00C31CICU002,90b7f4a6-c3af-42b7-bd90-24ac81f7fb26,8eddce17-eed3-4e62-b4f3-e9d6df212b8c,Loopback0
ILA00C31CICU002,90b7f4a6-c3af-42b7-bd90-24ac81f7fb26,50dfcea9-df91-455c-b1f2-4b5859d62b5f,Loopback1
IMU00638CICN001,dcf2e042-c17d-4d8f-b60f-de39e3f41a8c,a98fea72-0dff-4aaa-bab4-51fd0958a336,Loopback0
IMU00638CICN001,dcf2e042-c17d-4d8f-b60f-de39e3f41a8c,5c0a3f0b-76ce-4c2f-b3e0-48267938a6d7,Loopback1
IMU00638CICN002,6ee1eda1-2189-43ff-a465-c523f1818671,808146c9-6251-44fb-a3b6-1780b3b93ff0,Loopback0
IMU00638CICN002,6ee1eda1-2189-43ff-a465-c523f1818671,e7d7686d-c2d1-4355-809f-d2ef9b0919e4,Loopback1
IMUPXIMUCICU001,a561543e-ffdc-4bc2-9b47-847f23459d7f,9d08cf44-673f-448d-be20-271e15d4f24f,Loopback0
IMUPXIMUCICU001,a561543e-ffdc-4bc2-9b47-847f23459d7f,5a3c16b5-1e40-44b8-a1d7-843c74737980,Loopback1
IMUS3559CICN001,bc050fa5-2e53-46f0-a953-d9f83cc4e223,c0372cb2-5a30-4da4-994d-5226dd2185b1,Loopback0
IMUS3559CICN001,bc050fa5-2e53-46f0-a953-d9f83cc4e223,31c86f64-6842-4195-8170-0415f05c2d1d,Loopback1
IMUS3559CICN002,636bc9d1-8bda-42a7-a36f-00a78e23b4a2,cd1a2e3a-886e-46ee-92de-50bbe9b4a3b5,Loopback0
IMUS3559CICN002,636bc9d1-8bda-42a7-a36f-00a78e23b4a2,798eb528-e3b4-4abd-930b-2c0a136dfc66,Loopback1
KAWS0016CIBE001,102bf99a-e305-48f2-b557-d100e5526bf7,0155c4b4-fc32-43be-945d-17b6727d6396,Loopback0
KAWS0016CIBE001,102bf99a-e305-48f2-b557-d100e5526bf7,332c2a53-1514-41e2-8694-61863b69831f,Loopback1
KAWS0016CIBE002,391c5184-5b0a-40e2-b214-7aab3c16a359,08a6eb04-ba08-4647-869d-5fc187bdfaac,Loopback0
KAWS0016CIBE002,391c5184-5b0a-40e2-b214-7aab3c16a359,d58b90ef-f829-4af9-8799-9ba87078d303,Loopback1
KAWS0016CICU001,50530d67-b78d-405d-842f-6051addfa179,f2867eac-56ac-4ca9-b32a-66ccdd5f907d,Loopback0
KAWS0016CICU001,50530d67-b78d-405d-842f-6051addfa179,151a6889-b3c9-4ad2-ade1-f0562c812177,Loopback1
LAG00C18CICN001,75a518ac-0eec-4d71-8d4e-fa5439a081c4,b6b19e62-1f8e-4acb-a5f6-a1d4a2908e2d,Loopback0
LAG00C18CICN001,75a518ac-0eec-4d71-8d4e-fa5439a081c4,14220f4d-110f-4b41-90a6-05614cf85636,Loopback1
LAG00C18CICN002,520d6ca7-5e94-4152-92e0-e204b268e6ee,5ee3db66-b633-47b5-8930-c45dfe1869e9,Loopback0
LAG00C18CICN002,520d6ca7-5e94-4152-92e0-e204b268e6ee,1befd57f-bd11-4ff0-8f51-fbc57d359327,Loopback1
LAGN0000CICU001,be4a985d-5937-4270-a3b8-ba4136c3e798,79068c88-8ca0-43ed-a857-afe136ed33f8,Loopback0
LAGN0000CICU001,be4a985d-5937-4270-a3b8-ba4136c3e798,5e3734d1-874b-4952-9019-c09a16914648,Loopback1
LAGN3816CIBE001,2424ecab-59c8-4902-bee0-2a54622836dd,c0cab288-bd7c-49f1-9b25-180228b9127c,Loopback0
LAGN3816CIBE001,2424ecab-59c8-4902-bee0-2a54622836dd,3afc9c3e-b68b-4563-a947-b55e09a9f2a7,Loopback1
LAGN3816CIBE002,c883d0a7-22b2-49b7-8a60-d2cb54944de0,3ec1347f-1850-423b-bb9f-1ce070c2703c,Loopback0
LAGN3816CIBE002,c883d0a7-22b2-49b7-8a60-d2cb54944de0,8888e99c-44d6-4ae2-8993-c4ffc78170c2,Loopback1
LAL00N91CICU001,ee2b36ef-4a43-43f0-8389-e94768e9b29e,cb4da6de-246b-4344-8e18-5d897de602be,Loopback0
LAL00N91CICU001,ee2b36ef-4a43-43f0-8389-e94768e9b29e,ecd30a4d-a1d8-45cb-b343-3d2f8e322e92,Loopback1
LBSPXLBSCICN001,9d35d242-c5ef-42ff-8c74-c9beff4e72f6,d820a50e-0dc6-4b11-9ebe-567a1fad463c,Loopback0
LBSPXLBSCICN001,9d35d242-c5ef-42ff-8c74-c9beff4e72f6,4a6e06cc-713e-49d0-b493-69888641d612,Loopback1
LBSPXLBSCICN002,f413a1f4-61bf-472f-bc95-2bcb27e9a8fd,c481fdf0-7383-450c-b67b-d832ec1c8993,Loopback0
LBSPXLBSCICN002,f413a1f4-61bf-472f-bc95-2bcb27e9a8fd,25b9babe-e209-4598-8812-d54d41544922,Loopback1
LBSS0059CICU001,2d6b96e8-142f-4474-a63b-a391e54551c0,79fd5245-54fb-43d6-af56-5a67a0fd6a20,Loopback0
LBSS0059CICU001,2d6b96e8-142f-4474-a63b-a391e54551c0,9b8662f8-1307-437a-96e5-64ca4714fb86,Loopback1
LCN04117CIBP001,d03a6578-fd9f-4e5c-be66-12c1a9998ec4,6167c641-1a73-420f-a7b8-261294922e18,Loopback0
LCN04117CIBP001,d03a6578-fd9f-4e5c-be66-12c1a9998ec4,74ed82c9-5d48-4186-ad71-0f48fb2c5ae5,Loopback1
LCN04117CIBP002,feaed8e4-2aa3-46b6-bfee-47f15554dcd5,61a27c67-395e-4de3-a06a-a547f06f46b0,Loopback0
LCN04117CIBP002,feaed8e4-2aa3-46b6-bfee-47f15554dcd5,1e9e9d4c-55ba-4078-b04a-b6c47b6c9ca2,Loopback1
LCN04117CIRO001,a49bf149-e2bc-4887-ace7-b264effee44f,f019d132-d9a3-43e3-a75f-c7dd900965ed,Loopback0
LCN04117CIRO001,a49bf149-e2bc-4887-ace7-b264effee44f,8ed78c0a-1541-4d3c-a3f2-b479c142069e,Loopback1
LCN04117CIRO002,988f5327-8715-4405-9321-74fb5b6f92e3,7b757463-4e98-4912-a425-a88d2edb41c6,Loopback0
LCN04117CIRO002,988f5327-8715-4405-9321-74fb5b6f92e3,62dfdece-d1e5-4b1c-8658-a7dbcfacd8d3,Loopback1
LCNPXLCNCIBE001,44e7a6de-eeb3-477a-bb76-b9800b97bdb8,14d63138-b585-4371-aeb3-4f914f92d1c3,Loopback0
LCNPXLCNCIBE001,44e7a6de-eeb3-477a-bb76-b9800b97bdb8,427be577-8b7c-4ca5-b510-1ec50c073c4a,Loopback1
LCNPXLCNCIBE002,d50cb8f1-6b6e-4d84-aa21-59baee99cd3d,23120a41-5867-48e7-8b5f-3b714095a0c4,Loopback0
LCNPXLCNCIBE002,d50cb8f1-6b6e-4d84-aa21-59baee99cd3d,3941d469-0f2b-4b83-8ebf-685ef6710904,Loopback1
LCNPXLCNCICU001,cd69ca29-4ae0-4290-b281-2e0e8405b87b,0064b2f4-6581-43b2-9159-1fba63708230,Loopback0
LCNPXLCNCICU001,cd69ca29-4ae0-4290-b281-2e0e8405b87b,c62c1529-dee6-46c2-952e-ae14cc68b877,Loopback1
LEM00Q29CICN001,3041ab6e-121b-407d-9cff-14d0d6945fc8,86a7e7f9-12fd-4122-8875-6877ffb59113,Loopback0
LEM00Q29CICN001,3041ab6e-121b-407d-9cff-14d0d6945fc8,8433eb81-d9ab-4eb6-9840-fafc8071dc34,Loopback1
LEM00Q29CICN002,6d73344a-4212-489e-8e9b-26284d5291c5,2bfb30c5-9854-4948-bdb9-20b61b6580f8,Loopback0
LEM00Q29CICN002,6d73344a-4212-489e-8e9b-26284d5291c5,ef5eb005-dbe6-4680-8b05-007b0851fd00,Loopback1
LIAS0749CICN001,c217814a-36fa-406a-8bf5-d87bf5fbdc66,3fcef84d-ed93-46ce-95d2-0088c7670717,Loopback0
LIAS0749CICN001,c217814a-36fa-406a-8bf5-d87bf5fbdc66,beb6cd91-0ef2-4c6a-b889-89d40f595087,Loopback1
LIAS0749CICN002,68faedca-3a06-482f-afe4-84cd8d5a8bec,765b607c-749e-49d1-9e7d-958a3d7ae5b0,Loopback0
LIAS0749CICN002,68faedca-3a06-482f-afe4-84cd8d5a8bec,b6f8a344-942b-44d3-92c5-a509629daeb1,Loopback1
LIP00B01CIBE001,2bd23c9f-ecae-477e-a940-fe66e462ef2e,8778877b-2b49-4111-8914-0b234bbe54b0,Loopback0
LIP00B01CIBE001,2bd23c9f-ecae-477e-a940-fe66e462ef2e,bb49298b-9874-4df1-8628-438f4c26aba6,Loopback1
LIP00B01CIBE002,e6fb4acd-f163-4e8d-b17a-e1e3e28c3730,52e77bbe-f644-46a5-a055-bd4ed663688b,Loopback0
LIP00B01CIBE002,e6fb4acd-f163-4e8d-b17a-e1e3e28c3730,7a5a05eb-69ff-4344-8529-3da8869abe9f,Loopback1
LIPS0014CICN001,d5317d6b-8d28-426b-88de-76478f575af9,f1676fe0-5bd9-46e1-a68b-e9a6b3fcf686,Loopback0
LIPS0014CICN001,d5317d6b-8d28-426b-88de-76478f575af9,afa29843-41e6-40b6-9fda-d58c1b4854ea,Loopback1
LIPS0014CICN002,5628a090-5b63-4bf1-8cc0-607612856eef,70092e30-2169-4897-a054-a78b4f76bfc8,Loopback0
LIPS0014CICN002,5628a090-5b63-4bf1-8cc0-607612856eef,7e61833c-78c7-42e8-afcb-0ce1c73ff73c,Loopback1
LIPS1300CICU001,227bb75e-2931-46ab-8cd6-1d04cc78c7c4,759dee62-3727-4837-a67c-4dd88957b07a,Loopback0
LIPS1300CICU001,227bb75e-2931-46ab-8cd6-1d04cc78c7c4,96a60e19-0e2a-4cc3-805d-72e802e47636,Loopback1
LIWS0800CICU001,09f50595-1a3a-43b3-916b-ff94ea0463b2,b5a2dc7d-9683-464a-bfab-5f86b7521eed,Loopback0
LIWS0800CICU001,09f50595-1a3a-43b3-916b-ff94ea0463b2,917168ed-7079-4b59-be33-e49a1127973a,Loopback1
LPN00358CICU001,7d1d49bd-ea99-4d84-aef4-e956bae0ecbc,07e39dcc-3648-4abb-acfe-fd18d8bdeef6,Loopback0
LPN00358CICU001,7d1d49bd-ea99-4d84-aef4-e956bae0ecbc,03fe2690-15d2-456b-9a0d-dd3c2453c95a,Loopback1
LPNPXLPNCIBE001,ecd0716e-3478-4589-9b96-65b9b865fec2,b702554d-e5e3-4642-9a38-04577af4a78f,Loopback0
LPNPXLPNCIBE001,ecd0716e-3478-4589-9b96-65b9b865fec2,9afba099-0657-4804-a4e8-1be02139d191,Loopback1
LPNPXLPNCIBE002,0a58e72e-4e0d-4db8-9252-c46502871cd3,8261255e-4613-4cd9-a42b-a7aeb8064758,Loopback0
LPNPXLPNCIBE002,0a58e72e-4e0d-4db8-9252-c46502871cd3,d3549ba2-39ca-42d7-9e0c-47f32fdd9ae6,Loopback1
LPNPXLPNCICU001,d8fe339b-5033-4dd8-a9ba-ffdc7545917f,673b99d0-917c-46b2-bb64-e407c31b9e6c,Loopback0
LPNPXLPNCICU001,d8fe339b-5033-4dd8-a9ba-ffdc7545917f,fa7c6cf4-607e-4ea6-be07-3584b60fe935,Loopback1
LPNPXPPNCIBE001,78115dc3-8bc6-429a-a33e-3e194543fdd9,21e6d467-0d71-4e60-ad65-27efbb0ac9a7,Loopback0
LPNPXPPNCIBE001,78115dc3-8bc6-429a-a33e-3e194543fdd9,20ac6ea0-26a3-43b5-ab1f-9a6519cd824b,Loopback1
LPNPXPPNCIBE002,bcaaf7c7-4115-4762-9281-2c158674c6d3,a5180d9b-5d19-458f-a6b9-7517717a2eb3,Loopback0
LPNPXPPNCIBE002,bcaaf7c7-4115-4762-9281-2c158674c6d3,cbd723f9-4225-40d1-9c18-925176d40a38,Loopback1
LUBPXLUBCICU001,80d22c6e-23ba-45f2-8778-6c73765aeccf,bab88ed3-1427-4369-a9d8-5948fd3ec479,Loopback0
LUBPXLUBCICU001,80d22c6e-23ba-45f2-8778-6c73765aeccf,a94e7d70-e300-4bbf-b2a2-3589ee9a388b,Loopback1
LUC00B40CICN01,9d5e3e32-4da7-49c7-b919-8defdb708cdf,ce665263-4d88-4921-8f3b-0c1ac46684b4,Loopback0
LUC00B40CICN01,9d5e3e32-4da7-49c7-b919-8defdb708cdf,989bc647-a0cb-4e00-9e10-11c26c1915fd,Loopback1
LUC00B40CICN02,4570252c-1a0a-47f3-814a-e9b44b22aa51,2618658e-ba08-44b9-b6a4-8f3294796e73,Loopback0
LUC00B40CICN02,4570252c-1a0a-47f3-814a-e9b44b22aa51,af2cf846-ebd9-4dfb-acdb-fc51d09a874d,Loopback1
LYN00Y30CICN001,1e3ec6c7-78cd-43cc-90a1-04718438ed39,86119abb-44a3-4a6d-83c4-aaf863785e41,Loopback0
LYN00Y30CICN001,1e3ec6c7-78cd-43cc-90a1-04718438ed39,70b0a3fa-a81a-4c4c-b8ed-4c71644e1907,Loopback1
MCT00580CIBE001,b31f128f-ca90-404f-98e1-d7ed4f7e2896,19501149-e5b3-4b1e-b96c-462088cb8fed,Loopback0
MCT00580CIBE001,b31f128f-ca90-404f-98e1-d7ed4f7e2896,539d61b1-a949-4b2d-b857-5ba50ea2866b,Loopback1
MCT00580CIBE002,7596a015-b9d6-458a-a067-d1867b238abb,2a63a95f-a754-44b4-b3df-78279a3f4a78,Loopback0
MCT00580CIBE002,7596a015-b9d6-458a-a067-d1867b238abb,93661315-bfe3-4f50-b5ac-8aa0eb5f092c,Loopback1
MCT03903CICN001,6b20b099-8815-41ce-bc31-fe816d88cdf6,1dd9528e-01cc-41e0-b1b6-54c6a07a0b75,Loopback0
MCT03903CICN001,6b20b099-8815-41ce-bc31-fe816d88cdf6,fa354eeb-fa5b-4449-bcc1-b4346664790c,Loopback1
MCT03903CICN002,dd4c39a2-675e-470c-93e9-53f7517a80d9,e4b5cf16-e881-4fe3-8cc3-cf2838daa05d,Loopback0
MCT03903CICN002,dd4c39a2-675e-470c-93e9-53f7517a80d9,c4311e14-8f9e-493f-bf34-c1076fc44892,Loopback1
MCT03903CICU001,caf482d4-2654-4e13-913b-9dd0704d534e,60ceb3e2-f6ba-431d-bc36-954170694a53,Loopback0
MCT03903CICU001,caf482d4-2654-4e13-913b-9dd0704d534e,3c4c3a82-c00a-4ae9-b853-b43933a9ea7d,Loopback1
MDD00N93CICN001,98cf05d1-5f5d-4591-9fe6-47ac415c0227,ceb1dd8c-80a1-48af-ab00-fa5812d50e2d,Loopback0
MDD00N93CICN001,98cf05d1-5f5d-4591-9fe6-47ac415c0227,31328fb9-6759-4ed3-b090-70cee2af2c83,Loopback1
MDD00N93CICN002,9fa42edd-5c37-4b10-94de-83ecef9e14d5,66564c61-34d2-4458-bb3a-d1bc5b0707b2,Loopback0
MDD00N93CICN002,9fa42edd-5c37-4b10-94de-83ecef9e14d5,7c3fceb4-6e86-4224-b5bb-42ed6744d0a5,Loopback1
MDF00C05CICN001,3865773c-0e78-4fc3-abf7-0e5dfd665ad4,f01a24e0-825d-481e-87ba-e049be254745,Loopback0
MDF00C05CICN001,3865773c-0e78-4fc3-abf7-0e5dfd665ad4,fcb54358-21ec-4453-a33e-9155e5d59b47,Loopback1
MDF00C05CICN002,b9fe0752-db61-454b-bd57-2e812f8fd35a,38994564-2841-460a-b4f2-e4768239b89f,Loopback0
MDF00C05CICN002,b9fe0752-db61-454b-bd57-2e812f8fd35a,1063ef9f-bf46-4ef8-a3c7-a68356c9026c,Loopback1
MKTG3610CIBE001,c4a931ed-e97a-4808-8838-93c631c30064,38453d3d-9d58-4686-8c5a-5556d781dee5,Loopback0
MKTG3610CIBE001,c4a931ed-e97a-4808-8838-93c631c30064,36c50e4d-a738-416f-94fb-42a602558448,Loopback1
MKTG3610CIBE002,a6fd8136-f6aa-4598-9a4b-f13c7231d5d5,919e8336-fba3-4825-86da-6930ed8c38a9,Loopback0
MKTG3610CIBE002,a6fd8136-f6aa-4598-9a4b-f13c7231d5d5,08d2efea-fc37-4ddb-8c44-8b10ff224432,Loopback1
MKTG3610CIBP001,cace0541-c13e-4046-a876-59d59ffa8e2c,54a93041-b447-46cd-9349-45f5ef340c3e,Loopback0
MKTG3610CIBP001,cace0541-c13e-4046-a876-59d59ffa8e2c,bea8e634-8b78-4a25-a10c-7f9515cfcc05,Loopback1
MKTG3610CIBP002,9277fcd5-6dce-47fd-a753-cf76363a8485,3b114aae-c2c8-4ef6-b828-a263dddd0c01,Loopback0
MKTG3610CIBP002,9277fcd5-6dce-47fd-a753-cf76363a8485,a9e90fe1-6a52-4538-a9d9-801c5e1d8bb7,Loopback1
MKTG3610CIRO001,785bc3fa-672f-4a52-a16b-690a2c09f522,0d878c64-6338-4fa9-9291-002e23bda5a9,Loopback0
MKTG3610CIRO001,785bc3fa-672f-4a52-a16b-690a2c09f522,5f007dcc-a92c-4c4c-bf89-54d86c59812f,Loopback1
MKTG3610CIRO002,478de4d5-afd1-45e3-977f-f05ad0463369,013cb3d4-5532-45b2-ad92-c3860d84991a,Loopback0
MKTG3610CIRO002,478de4d5-afd1-45e3-977f-f05ad0463369,decb5c42-6314-4597-ae75-47c362c244b8,Loopback1
MLLN0037CICU001,29eb5d37-f611-4c91-bdc8-c9a2174594d0,8be0ca7e-501a-43e8-9707-a7528b56dfb0,Loopback0
MLLN0037CICU001,29eb5d37-f611-4c91-bdc8-c9a2174594d0,fd8bf23c-8575-4a98-bd1f-1802e5636344,Loopback1
MLLN3874CIBE001,958f5de8-b670-4896-8509-039aec83eaab,80da08bc-7634-4121-90c0-552d3fe21774,Loopback0
MLLN3874CIBE001,958f5de8-b670-4896-8509-039aec83eaab,bca3404a-56b6-4098-af9f-769b09de1cbb,Loopback1
MLLN3874CIBE002,165df56a-901a-4fa9-b63e-637c0a1cbe1f,8427f534-40db-4eb4-9c52-3f1e805e24fc,Loopback0
MLLN3874CIBE002,165df56a-901a-4fa9-b63e-637c0a1cbe1f,8446df6a-036f-4417-87e4-8820c55bf308,Loopback1
MLY04167CICN001,9e66ca0e-a4e5-4848-8c67-c5debbe842b3,05b383c0-60f8-4ea6-9926-88a02a156102,Loopback0
MLY04167CICN001,9e66ca0e-a4e5-4848-8c67-c5debbe842b3,609fda51-4999-4e0b-a611-dc217ba0aa3b,Loopback1
MLY04167CICN002,2b1fc6fa-da25-4c6f-b58f-2aac09dd809d,e5ce93bd-9891-4dd1-93c4-69b06a052179,Loopback0
MLY04167CICN002,2b1fc6fa-da25-4c6f-b58f-2aac09dd809d,b57d8bac-d103-4811-b784-14b19b16ab5b,Loopback1
MLY04167CICU001,3e7bd006-515d-47f2-af8e-ef5a5300d132,96f34272-3286-4bf4-ba60-57a5f8fc808a,Loopback0
MLY04167CICU001,3e7bd006-515d-47f2-af8e-ef5a5300d132,cf1422ce-67c4-477c-a98a-bfc8da319351,Loopback1
MNG00C43CICN001,926ba425-b2ed-4d83-9fb0-fa7dbdd0c7a5,ceb472ea-dc96-4a60-9455-2a0ce2cced76,Loopback0
MNG00C43CICN001,926ba425-b2ed-4d83-9fb0-fa7dbdd0c7a5,c911c8fb-9712-4819-b677-18a13d326a33,Loopback1
MNG00C43CICN002,68064e3d-9421-4a3a-ac2c-c375d35e0f1b,83b9918f-f623-43ef-99b4-8ff85bd4973e,Loopback0
MNG00C43CICN002,68064e3d-9421-4a3a-ac2c-c375d35e0f1b,61340dbb-7b15-487e-99e7-a8d64871a700,Loopback1
MNGPXMNGCICU001,ee55b4d6-cb98-47f4-af8d-13e70b550c6a,f230b968-c49a-452f-b054-3368729c73b5,Loopback0
MNGPXMNGCICU001,ee55b4d6-cb98-47f4-af8d-13e70b550c6a,4517e0aa-feb5-45a1-8094-404cd6934b54,Loopback1
MRVPXBPZCICU001,a8370507-e962-4508-b48a-db94f0024f2c,70390c0c-1acd-44a9-9edd-1758564d39bf,Loopback0
MRVPXBPZCICU001,a8370507-e962-4508-b48a-db94f0024f2c,6f63e4ae-46db-4ab5-8379-05cef3b4e655,Loopback1
MTP00H22CIBE001,02ac0300-668c-491a-a90e-2f31a203b10b,608bb3ba-0d44-451d-8e7e-3e414f8a69fe,Loopback0
MTP00H22CIBE001,02ac0300-668c-491a-a90e-2f31a203b10b,4a9f3d42-bff4-4d22-a411-29aae006b72b,Loopback1
MTP00H22CIBE002,5a9ca1d2-7f03-49cd-a0f0-7d75f47f6608,4e3bbc7b-f146-4de7-b8d0-3858cae290ed,Loopback0
MTP00H22CIBE002,5a9ca1d2-7f03-49cd-a0f0-7d75f47f6608,741ddcdf-cd92-487a-8436-6c4257c0b149,Loopback1
MTPPXALACICU001,ccd530c1-ad02-4247-9136-e13d96040fd4,df181c61-2672-4eca-992b-d7b036f346d3,Loopback0
MTPPXALACICU001,ccd530c1-ad02-4247-9136-e13d96040fd4,b1a7cb28-075b-426c-a23c-82d80a0fb3e4,Loopback1
MTPPXMTPCIBE001,ba9c55bc-396e-4f0a-8aa4-f1842f813a03,6fd13f91-2db6-44bf-b505-2a82a3e1434f,Loopback0
MTPPXMTPCIBE001,ba9c55bc-396e-4f0a-8aa4-f1842f813a03,57266346-194b-4a96-8552-3bf6db0fb821,Loopback1
MTPPXMTPCIBE002,e4b420b0-d73f-428b-a0b5-e51b98e24629,b9d48d65-cc6e-4a16-8de3-023216e80ebb,Loopback0
MTPPXMTPCIBE002,e4b420b0-d73f-428b-a0b5-e51b98e24629,6d0686a3-626c-4831-9a4e-3e48e11ceb47,Loopback1
MTPPXMTPCICU001,dc28e96c-76b9-4981-a1e8-d46d5a873a92,c063eff3-0416-4a63-a66b-ac25c1c3aee9,Loopback0
MTPPXMTPCICU001,dc28e96c-76b9-4981-a1e8-d46d5a873a92,133843fa-f555-481e-a3aa-9ee88bc94273,Loopback1
MXC00539CICN001,bf1ce8c1-994c-479b-bec0-e48df8027c10,0861a031-dcf4-4403-b8bb-141eec6c7a31,Loopback0
MXC00539CICN001,bf1ce8c1-994c-479b-bec0-e48df8027c10,b75890d3-4684-4fbc-9d0b-ea0bdd4345b2,Loopback1
MXC00539CICN002,5d6d86e0-7bed-4c99-9e98-cce1852a5937,ee0a6bb4-826b-41af-95e2-8028d94112a4,Loopback0
MXC00539CICN002,5d6d86e0-7bed-4c99-9e98-cce1852a5937,fa533367-6bda-4ee9-af0c-1076e57656d7,Loopback1
NACS3561CICN001,e99f9cad-2f6e-4c10-95a9-444bc73f92a8,fb12bac9-d332-4888-bdd9-3ce536b25600,Loopback0
NACS3561CICN001,e99f9cad-2f6e-4c10-95a9-444bc73f92a8,78284ec6-4674-4ca8-a49d-352c0a520150,Loopback1
NACS3561CICN002,dc4218e0-dbc9-4026-b3bd-d62a76776e05,696e771e-fa29-48c4-8f68-fd24fea4efc2,Loopback0
NACS3561CICN002,dc4218e0-dbc9-4026-b3bd-d62a76776e05,b63b30bd-1492-4d6c-bffb-0492b285ada3,Loopback1
NACS3561CICU001,049b751c-5f0a-4edd-88e8-c3a398f172aa,93b0f9da-c19b-4dcb-90ec-56fbb5afa0dc,Loopback0
NACS3561CICU001,049b751c-5f0a-4edd-88e8-c3a398f172aa,7427465d-2266-4a49-af0e-bb78bccc2d01,Loopback1
NSBS0051CIBE001,6600aef4-a28d-42b6-bbf8-1071184dd7c8,7e8c8f0c-2ac3-4c57-9d04-c33d449ea5da,Loopback0
NSBS0051CIBE001,6600aef4-a28d-42b6-bbf8-1071184dd7c8,0c2e947c-f4b3-433d-9456-346c478fa046,Loopback1
NSBS0051CIBE002,eedf93b7-0274-49b1-80a2-df03073737e2,f93b794f-7c24-434b-985a-cc61665afd8a,Loopback0
NSBS0051CIBE002,eedf93b7-0274-49b1-80a2-df03073737e2,8be8eb8d-15ea-485b-9d9a-5b807263c863,Loopback1
NSBS1366CICU001,ced144ef-2b1d-4d8e-be1c-ae17a9065835,94b9e998-32a1-4bdf-a6d2-303cbc7d46b2,Loopback0
NSBS1366CICU001,ced144ef-2b1d-4d8e-be1c-ae17a9065835,320c7350-d21d-4460-afd4-20766b045219,Loopback1
OLGPXOLGCICU001,75137309-28cc-4c40-8867-1d74c5924b96,bd6ffdeb-be12-4ce3-9e1e-60f6f2cf0dd4,Loopback0
OLGPXOLGCICU001,75137309-28cc-4c40-8867-1d74c5924b96,0dff60d5-6e60-4995-93e3-a1fc727e20ef,Loopback1
ORI00590CICN001,60edd726-7ae0-4b29-a66c-3032e41e97fb,355aa016-8116-40cb-ae9c-ed37c2b58e71,Loopback0
ORI00590CICN001,60edd726-7ae0-4b29-a66c-3032e41e97fb,f144c7b3-e565-41f7-a24b-35da10a0ea14,Loopback1
ORI00590CICN002,232190f6-7b1e-4bb1-81d9-0daec5c1dcc4,d658f73a-cb76-4c7f-9a8b-1ea809923037,Loopback0
ORI00590CICN002,232190f6-7b1e-4bb1-81d9-0daec5c1dcc4,8cb162e3-ee45-4561-bf60-fa0592abff27,Loopback1
PBL00Q47CICN001,154beadb-e388-4d1a-9c35-b85c53d93a2f,3e1ea200-2a19-47f2-b58e-4cc876ed8352,Loopback0
PBL00Q47CICN001,154beadb-e388-4d1a-9c35-b85c53d93a2f,1c4db1f8-aa85-4696-ac6e-f8b30bd302dc,Loopback1
PBL00Q47CICN002,b0933316-2b2e-451b-b152-f03e96ee6102,9a39fdfc-e8d5-47cb-a321-ebbedc729e10,Loopback0
PBL00Q47CICN002,b0933316-2b2e-451b-b152-f03e96ee6102,52bb41f9-3d6c-4698-b135-d3d7c38bf0df,Loopback1
PBS00Q85CICN001,2907d1e6-6686-4b33-b33a-49accbe83b66,94e2db9a-ac30-4bf2-878f-c7badadc5914,Loopback0
PBS00Q85CICN001,2907d1e6-6686-4b33-b33a-49accbe83b66,68fdec70-c353-42fb-9d5f-c7c61885de41,Loopback1
PBS00Q85CICN002,befe29ac-9567-4a02-b73a-4dec91679628,6e33b81c-1d30-431c-9bff-cb75655280bb,Loopback0
PBS00Q85CICN002,befe29ac-9567-4a02-b73a-4dec91679628,9bc4c5fd-8f04-4ac0-9a4d-58ae6bc831d6,Loopback1
PGP00U33CICN001,8b384d35-4105-4fcc-a774-f0e9d400587b,72c61dad-8cb2-44ea-a805-ad8ca4697adf,Loopback0
PGP00U33CICN001,8b384d35-4105-4fcc-a774-f0e9d400587b,5421f500-0288-4f07-8051-c417bdd5c076,Loopback1
PGP00U33CICN002,2df6fc8e-c19d-46be-9d3e-1739bbd43136,84398c07-1056-435a-bc5e-0233d461f9b2,Loopback0
PGP00U33CICN002,2df6fc8e-c19d-46be-9d3e-1739bbd43136,fb2b1da3-2264-4b7a-a7c6-4d0e5bb0a43c,Loopback1
PLA00554CIBE001,699ad1bb-3e3e-4c97-b7c5-43febeaf9ae6,ea360b0a-98ca-4d71-ab17-aa1c815639dd,Loopback0
PLA00554CIBE001,699ad1bb-3e3e-4c97-b7c5-43febeaf9ae6,3059c0a3-7e66-4549-bfe7-b7aa2ccc80bf,Loopback1
PLA00554CIBE002,0c6117d9-34d8-44ea-b810-1161015fc33b,fedbf592-6872-4ac3-be73-07a9d1e698fe,Loopback0
PLA00554CIBE002,0c6117d9-34d8-44ea-b810-1161015fc33b,050eedc8-dacc-4734-a28e-00f1f653d733,Loopback1
PLY00547CICN001,5441188e-4ce6-47cc-b87d-f61ae0e53c25,bbf86b2f-8bd3-4323-8e33-9a835f1eb90c,Loopback0
PLY00547CICN001,5441188e-4ce6-47cc-b87d-f61ae0e53c25,acb26204-ca1d-44f5-a72c-f9ec0a31c1d0,Loopback1
PLY00547CICN002,c828a7bc-3470-460e-bf04-63cd50dad099,78c19af2-71e5-434a-88ae-e648eb9c6710,Loopback0
PLY00547CICN002,c828a7bc-3470-460e-bf04-63cd50dad099,09484d13-b14b-4315-98e0-02182814770b,Loopback1
PLYPXPLYCICU001,14b51fb2-459d-4d67-b2ce-891ff3db7fb4,a3586029-43cb-43af-99ec-8340c748df99,Loopback0
PLYPXPLYCICU001,14b51fb2-459d-4d67-b2ce-891ff3db7fb4,08010d51-23bf-4402-853e-631d1b59f735,Loopback1
PQIPXPQICICN001,36601699-fd90-4e34-9a80-6e63fcdff5ea,74f78a7e-9e43-4d2a-93db-08000653f144,Loopback0
PQIPXPQICICN001,36601699-fd90-4e34-9a80-6e63fcdff5ea,50936171-8efa-4655-8b46-516df17df250,Loopback1
PQIPXPQICICN002,419d8395-7b1e-4ce8-ae57-c27170fb7cc9,673d84dc-1fca-4fb7-9c95-08a82299b688,Loopback0
PQIPXPQICICN002,419d8395-7b1e-4ce8-ae57-c27170fb7cc9,4130b773-b041-472f-82fd-067bd0936dca,Loopback1
PQIPXPQICICU001,d2be69e8-2145-430a-9d65-0a35bc635a83,1f81360d-8c1a-48b4-97df-f032aecb932e,Loopback0
PQIPXPQICICU001,d2be69e8-2145-430a-9d65-0a35bc635a83,6b84a38c-0d1b-4d48-ba50-600213044f14,Loopback1
PRC00O66CICN001,7dcfaaa1-14c3-4b4d-9320-30f913fdd562,0feef0d7-7b10-4159-86d6-c2f28a7026e9,Loopback0
PRC00O66CICN001,7dcfaaa1-14c3-4b4d-9320-30f913fdd562,ff1d2dfc-fce1-4dbb-acc1-b616e9ba18b6,Loopback1
PRC00O66CICN002,366f7f6d-5103-4ca7-89ed-f40e43fce605,33fded9f-da8e-400c-81e5-3048b532627b,Loopback0
PRC00O66CICN002,366f7f6d-5103-4ca7-89ed-f40e43fce605,62011c26-2e7c-44fd-9c1c-9a17d329276d,Loopback1
PRQ06653CIBP001,63c2a4f8-9629-40b4-b9db-48cb2e4886dd,dd5246c2-5f5b-4930-a963-d484c30f31d3,Loopback0
PRQ06653CIBP001,63c2a4f8-9629-40b4-b9db-48cb2e4886dd,8c84afa4-193b-40de-bea7-b8efc3c04c05,Loopback1
PRQ06653CIBP002,62413f1e-9787-4611-a22c-fd570ae2ba8d,239498f6-9335-4069-87b7-580b1b619eb3,Loopback0
PRQ06653CIBP002,62413f1e-9787-4611-a22c-fd570ae2ba8d,60c58bb0-7eeb-4233-b4c6-ecdc198d977a,Loopback1
PRQG0049CIBE001,c4cde0d1-d9d2-476f-9e1c-d56fb9f3bceb,6d5f31ce-112a-45c8-86a8-b34ee848879e,Loopback0
PRQG0049CIBE001,c4cde0d1-d9d2-476f-9e1c-d56fb9f3bceb,77f25519-1679-4f1d-a79e-e0f4f7f3c340,Loopback1
PRQG0049CIBE002,76069274-1be6-47f5-8c53-18d3a3652ee7,30a603c8-a3ad-48ef-ade8-cd5335334d27,Loopback0
PRQG0049CIBE002,76069274-1be6-47f5-8c53-18d3a3652ee7,c7de5255-565a-4106-baea-d33efdee83dd,Loopback1
PRQG0049CICU001,a0ed2d5f-7a8b-44a2-a15b-e72ee83e9bf2,1a63d448-85fb-413f-a9e3-5e9f7965c510,Loopback0
PRQG0049CICU001,a0ed2d5f-7a8b-44a2-a15b-e72ee83e9bf2,b0b6a943-437d-4eb7-acf8-26b446e083d5,Loopback1
PRQG0099CIBE001,64b786bc-2524-40c9-bdaf-bbca3b8e3d9b,6d296d32-63cf-45ad-8727-86a100418400,Loopback0
PRQG0099CIBE001,64b786bc-2524-40c9-bdaf-bbca3b8e3d9b,26bacda5-4d8d-468c-8799-951e1f574b05,Loopback1
PRQG0099CIBE002,a00bf106-eb80-4b8c-9ef6-4a840060a8b0,e8ef22b3-e058-4554-af62-ddad045974ed,Loopback0
PRQG0099CIBE002,a00bf106-eb80-4b8c-9ef6-4a840060a8b0,28f49b3d-6433-4d1b-a43e-842510816790,Loopback1
PRQPXPRQCIBE001,90e1918e-1ac9-44e3-a18c-8b8b17ed4f80,763c90bd-cecb-4ae7-b1c7-1ed80abb542b,Loopback0
PRQPXPRQCIBE001,90e1918e-1ac9-44e3-a18c-8b8b17ed4f80,3f4a8f95-6d4d-4d22-966c-e440fef9b2e8,Loopback1
PRQPXPRQCIBE002,bf677349-e13c-4496-aae4-e35d0bd696e0,46ece790-3431-4a2a-9c5f-f3f8b7a9eed1,Loopback0
PRQPXPRQCIBE002,bf677349-e13c-4496-aae4-e35d0bd696e0,ec6b2a6b-43c8-40b3-8272-03d980001a05,Loopback1
PRQPXPRQCICU001,b009c03a-6646-48bc-9b93-75566d06e432,35642d31-215c-4d04-bbd8-e5dd229f4d99,Loopback0
PRQPXPRQCICU001,b009c03a-6646-48bc-9b93-75566d06e432,7df7c8c0-068e-40e5-a1c6-1a4ee31403ba,Loopback1
PTB00O69CICU001,521b5a69-396c-467b-90d5-5bea3e7d8212,721f96bf-a946-45e1-aed9-6f7fa9ac1eae,Loopback0
PTB00O69CICU001,521b5a69-396c-467b-90d5-5bea3e7d8212,bfea9148-45c6-4f6b-a394-fe25da536eac,Loopback1
PWG00Y37CICN001,132d236d-3f66-416c-82f0-bc82ac12d30e,a70c7068-9349-402c-ab4b-a14a0d7f7cec,Loopback0
PWG00Y37CICN001,132d236d-3f66-416c-82f0-bc82ac12d30e,221b0298-5a1d-49db-989d-236af023c80e,Loopback1
PWG00Y37CICN002,8d7ae2f5-1e17-46b8-a8f6-7355fb6bde07,67954ad5-ab89-4609-aa23-7ed4ef1bc334,Loopback0
PWG00Y37CICN002,8d7ae2f5-1e17-46b8-a8f6-7355fb6bde07,1f2889c5-f611-4ead-a7bb-af55c0b1532b,Loopback1
ROS00B09CICN001,4da8ac4c-48f7-41bc-9b21-7287be1264b6,266d60f1-5c15-4fdf-8cb9-79b4c9be78bf,Loopback0
ROS00B09CICN001,4da8ac4c-48f7-41bc-9b21-7287be1264b6,61f6d8f5-cabb-489e-b125-6ca6898d30e5,Loopback1
ROS00B09CICN002,e853c181-f325-4163-b5f0-f6f40cf595d6,6abb9252-708c-4ebb-949a-810a2214e820,Loopback0
ROS00B09CICN002,e853c181-f325-4163-b5f0-f6f40cf595d6,35bdd62d-95da-4b4f-879b-60a716dfd505,Loopback1
RSC00Q98CICU001,b1e33033-fcb2-4a90-a669-162c08bc06e2,e5691b5f-d539-47b7-9e34-77955b49e9d6,Loopback0
RSC00Q98CICU001,b1e33033-fcb2-4a90-a669-162c08bc06e2,79d4a88b-c8c5-419d-b596-92bf7c9b6612,Loopback1
RSC00615CICN001,8a0c0843-6c3c-493d-8c91-00529aa39b19,61f7e019-3df9-424d-8dd0-53292be62a25,Loopback0
RSC00615CICN001,8a0c0843-6c3c-493d-8c91-00529aa39b19,4514a899-d957-438c-8d75-d916f23d7f9d,Loopback1
RSC00615CICN002,1cb4f17a-9152-4a0f-8855-e09fd05e55da,ab60ea14-8b51-4269-93bc-8d80aae9e7d2,Loopback0
RSC00615CICN002,1cb4f17a-9152-4a0f-8855-e09fd05e55da,5e25c668-3044-48f5-afb8-60cbcae645fc,Loopback1
RSCS0075CICU001,00337df2-271d-4b0c-abb2-9c5784de3bec,81e32638-9ab3-4419-a538-8e37bc0fd391,Loopback0
RSCS0075CICU001,00337df2-271d-4b0c-abb2-9c5784de3bec,ef721822-22c6-43ea-a64a-de11b6c06ebf,Loopback1
RSL04943CICN001,23ef4e46-d27c-4a9e-a894-3898fc051e8d,a7df364d-e0a0-4304-ae58-b5e4516501c2,Loopback0
RSL04943CICN001,23ef4e46-d27c-4a9e-a894-3898fc051e8d,1ec12a34-1e7b-44a0-b853-fb2a60d6753f,Loopback1
RSL04943CICN002,6f1c5fb4-dbc0-4711-aa70-27aad84f2d11,c40c2bf8-69b8-41e9-bcd6-3b2f3ed27191,Loopback0
RSL04943CICN002,6f1c5fb4-dbc0-4711-aa70-27aad84f2d11,1ed880a5-ae9b-412a-996b-e8f15d58b4f8,Loopback1
SAJ00S43CICN001,85b2d655-db5b-4307-8c84-5d6c52787fab,56f4a311-be2a-422d-b622-8478c2e81a6e,Loopback0
SAJ00S43CICN001,85b2d655-db5b-4307-8c84-5d6c52787fab,36177528-a5fa-4186-ae05-be18da9b2dc5,Loopback1
SAJ00S43CICN002,7cf91f87-7203-45f1-9240-d816a39e6307,81a61720-bc07-48a4-b8c5-cfb35c5e56eb,Loopback0
SAJ00S43CICN002,7cf91f87-7203-45f1-9240-d816a39e6307,a392f971-2f97-45a4-b3e3-e1f391a55262,Loopback1
SCC00C03CICN001,f2c39508-455c-4471-af3f-cd9956dfd8ff,09fb2530-5ad1-43b6-824d-b334b6f7a9bf,Loopback0
SCC00C03CICN001,f2c39508-455c-4471-af3f-cd9956dfd8ff,87786000-5c6b-4903-a84f-9677d11c4a84,Loopback1
SFPN3827CIBE0001,d4ea4ab4-18c4-4ec4-92e2-39812c199bad,24b2c51d-43c9-41b4-862b-767617f34188,Loopback0
SFPN3827CIBE0001,d4ea4ab4-18c4-4ec4-92e2-39812c199bad,9ea2a22c-8017-420c-b459-fa973e06dd2e,Loopback1
SFPN3827CIBE0002,7fde28d3-c474-49cc-b1fb-b74cc7c62697,2db58eb3-e1a2-4efa-854d-8b9ae52d68b5,Loopback0
SFPN3827CIBE0002,7fde28d3-c474-49cc-b1fb-b74cc7c62697,9f4b1ad9-4abc-4a95-9140-6035937e6221,Loopback1
SFPPXSFPCICU001,2ceeaf48-5f88-474b-92d1-ba520cc1abd4,cc41190d-c922-4863-acdc-d4d999e40bbe,Loopback0
SFPPXSFPCICU001,2ceeaf48-5f88-474b-92d1-ba520cc1abd4,27137913-3a9c-4d17-b87c-83256f7d3547,Loopback1
SFU00N06CICN001,e6fc852d-0d9f-405b-8087-c11462d7cee1,463bd4aa-ff51-47c9-bba7-1aebd6f7339f,Loopback0
SFU00N06CICN001,e6fc852d-0d9f-405b-8087-c11462d7cee1,7a446f96-27b6-4b3a-8739-7b084e9c6f18,Loopback1
SFU05156CICU001,de2dd243-1aa3-496d-ac61-e74545055dbe,e336877e-945f-4eb1-8a0c-95cc5b5fe2ec,Loopback0
SFU05156CICU001,de2dd243-1aa3-496d-ac61-e74545055dbe,b352c354-79a5-42bd-bc50-e501e75fda39,Loopback1
SFUN3814CIBE001,77497343-8811-4ed4-b5f9-87c3456d89e5,c457dd41-135d-421a-b6fe-e1b6917fd662,Loopback0
SFUN3814CIBE001,77497343-8811-4ed4-b5f9-87c3456d89e5,074a5ab3-4273-44c6-b63d-1a45afb24b77,Loopback1
SFUN3814CIBE002,23f037a8-2201-4821-9662-96ec2c948c5a,ef3e651d-313b-4c57-85d4-72d37913559d,Loopback0
SFUN3814CIBE002,23f037a8-2201-4821-9662-96ec2c948c5a,22b34bfe-3054-4a8e-ad6d-2d9fdb700d9b,Loopback1
SFUN3814CIBP001,26b0efc6-ab78-4821-9cfb-090c10a8ac0e,bcf08f7b-8577-49f7-b906-938793615b41,Loopback0
SFUN3814CIBP001,26b0efc6-ab78-4821-9cfb-090c10a8ac0e,9aa35559-19a6-4ff1-8d8a-bb1b6a4333c8,Loopback1
SFUN3814CIBP002,73b94d86-a745-48c3-ad80-0e8ce412aa5b,12d817ff-7fc5-409a-91a9-4bcc4e0e6022,Loopback0
SFUN3814CIBP002,73b94d86-a745-48c3-ad80-0e8ce412aa5b,78a1fdc9-bb20-47fb-bc17-ff1cf1a2d1bc,Loopback1
SGG00N83CICN001,76a242cf-9ae0-4dd1-b10f-08d154bccec7,5aa5cce0-c5d6-4a3e-a7ad-621e6aa474ad,Loopback0
SGG00N83CICN001,76a242cf-9ae0-4dd1-b10f-08d154bccec7,d6cab1de-3a1b-4b2a-912f-68b528e40173,Loopback1
SIL00609CICN001,23f1edc9-a365-435a-ad7b-ac73883fea12,b0b12b4b-6e3c-40e4-8d2d-4f315f090a70,Loopback0
SIL00609CICN001,23f1edc9-a365-435a-ad7b-ac73883fea12,39acaa54-a412-4240-ad58-f566e5c84916,Loopback1
SIL00609CICN002,2e679142-1593-4dbf-9719-4ad2074723fa,c3a4a4fc-50c4-4d5a-8276-bbf985bbac16,Loopback0
SIL00609CICN002,2e679142-1593-4dbf-9719-4ad2074723fa,a70d2dc1-8bb6-457f-8106-993ba2c20571,Loopback1
SILPXSILCICN001,33350978-2f4a-439c-abe5-94d7a92cc259,7cdc9828-b069-4255-9915-4b137a8c6802,Loopback0
SILPXSILCICN001,33350978-2f4a-439c-abe5-94d7a92cc259,f0df6c78-57eb-47c3-a865-5d771603a48c,Loopback1
SILPXSILCICN002,bf1d5bcb-c10a-477d-847b-fda0525040e1,4332cd99-1091-4abb-b8a1-8854e7a4d0fd,Loopback0
SILPXSILCICN002,bf1d5bcb-c10a-477d-847b-fda0525040e1,33babe2d-e065-499a-bb74-6b2e36391c02,Loopback1
SJB00O98CICN001,babc285b-3b4d-444d-ba1d-7c25be46aa81,173613ec-5815-4379-8c7e-ab439caf1759,Loopback0
SJB00O98CICN001,babc285b-3b4d-444d-ba1d-7c25be46aa81,f2b55d7f-14b2-4098-85dd-d724281f49b5,Loopback1
SJB00O98CICN002,c34cff47-6286-4cfd-9e8c-888040371495,363c7a4c-dd50-4da5-85b8-6ceaddb4a534,Loopback0
SJB00O98CICN002,c34cff47-6286-4cfd-9e8c-888040371495,e94b0161-851d-43a6-8c2e-199f69f31f8d,Loopback1
SJB00U46CICU001,ef69d356-9a09-45eb-b6fc-4844fd4fa73f,9f6be644-13ca-493b-8e86-564d7b293f4f,Loopback0
SJB00U46CICU001,ef69d356-9a09-45eb-b6fc-4844fd4fa73f,7da04b2d-9ed4-4b22-bbce-bb0577daac2f,Loopback1
SJE00B06CICN001,98b61670-26a5-441c-9200-6e8b342c85c6,a6d08cf8-6e04-4553-989c-642c7cd25fc9,Loopback0
SJE00B06CICN001,98b61670-26a5-441c-9200-6e8b342c85c6,67450b26-78b7-4935-a88e-550f0b4b2311,Loopback1
SJE00B06CICN002,845a7012-740a-4cac-a9d6-f9272618b871,9c6e13e7-2391-4f2e-a307-a02bcecf487f,Loopback0
SJE00B06CICN002,845a7012-740a-4cac-a9d6-f9272618b871,d78711e2-b31b-4a74-af5e-98831a335c39,Loopback1
SJN00546CICN001,f71f2bcb-3a55-420d-a2f6-850c18030047,3dd2b88e-fae2-4250-9622-0086faa9c81b,Loopback0
SJN00546CICN001,f71f2bcb-3a55-420d-a2f6-850c18030047,d1024607-2e77-4b99-a5f8-dd734aa54ad0,Loopback1
SJN00546CICN002,faaca864-3f1c-4dc6-a72d-0b22b67f25ff,c8e0b0ac-d241-44a3-b789-7daf1c4f74e3,Loopback0
SJN00546CICN002,faaca864-3f1c-4dc6-a72d-0b22b67f25ff,1c0624a3-f5b5-4f58-bfc7-34b3cf00951b,Loopback1
SJNPXSJNCICU001,3a4fa3db-bc02-494c-9b3f-972abe974700,ce57f3c9-b947-44c8-bc6f-d874cd69f0f6,Loopback0
SJNPXSJNCICU001,3a4fa3db-bc02-494c-9b3f-972abe974700,eed9b5ae-0d89-4eda-a6d4-addf7b5011ad,Loopback1
SMZN3839CICU001,0976a03e-b3b5-4e7b-a61e-346eadc2ea02,ab9ea021-b000-4747-88d2-7fb758447c84,Loopback0
SMZN3839CICU001,0976a03e-b3b5-4e7b-a61e-346eadc2ea02,05a0b6b1-ad03-4964-9514-9218b48be52a,Loopback1
SNL04141CICN001,120ab7b6-eea8-499c-90fc-da3ed5f619eb,624529d3-1824-4989-9f58-886bebb98703,Loopback0
SNL04141CICN001,120ab7b6-eea8-499c-90fc-da3ed5f619eb,180b23dd-7e43-4999-8c65-07d3a207abe0,Loopback1
SNL04141CICN002,410081b1-4b44-4924-b0b2-648321c561b7,98fb3360-1938-4e7d-b137-5e9307e4be95,Loopback0
SNL04141CICN002,410081b1-4b44-4924-b0b2-648321c561b7,8472bb2a-9da7-4c3e-b6b7-a6bfe2994ed4,Loopback1
SNL04141CICU001,70e4aec1-5f23-41cc-8065-090bf30f3042,e62c098e-0f28-408b-8a74-7e82522d165a,Loopback0
SNL04141CICU001,70e4aec1-5f23-41cc-8065-090bf30f3042,0324a10a-0a38-405d-9ffc-0d5697163771,Loopback1
SNO00C63CIBE001,1989cf64-ba76-48b4-bf89-a5ff6e1e4106,ea34cda7-aaad-4467-a5ec-4c414340ca39,Loopback0
SNO00C63CIBE001,1989cf64-ba76-48b4-bf89-a5ff6e1e4106,cf51da52-8dd3-4c8b-9b55-871422d14632,Loopback1
SNO00C63CIBE002,d4f39c51-1d0e-48dc-afe0-70298ad1a2e8,e58d68fc-0c1a-4ec4-b2d7-f3f6ca051949,Loopback0
SNO00C63CIBE002,d4f39c51-1d0e-48dc-afe0-70298ad1a2e8,c4365514-4b0e-4e1d-9b92-5f27dadd02c8,Loopback1
SNZ00536CICN001,a6f3c080-8146-4c2c-a34c-aa0c23b4779a,d8322151-41c5-4b93-b6e0-ade92301134c,Loopback0
SNZ00536CICN001,a6f3c080-8146-4c2c-a34c-aa0c23b4779a,46fceee8-40b7-49b6-8ab3-cfa2d5cec93f,Loopback1
SNZ00536CICN002,b7513a9d-7599-4a40-aa31-8210455d34ff,02eef66f-5530-4704-ae93-7a2c3e242ac8,Loopback0
SNZ00536CICN002,b7513a9d-7599-4a40-aa31-8210455d34ff,de152eb1-bd71-45ff-8dc6-27b7aa22e68e,Loopback1
SPC00E67CIBE001,a208c5c7-8afd-4d40-9d73-e7ba03bd3ed3,322e3f97-abf1-4c4a-86f8-e7858a1c0dac,Loopback0
SPC00E67CIBE001,a208c5c7-8afd-4d40-9d73-e7ba03bd3ed3,d2b2f7e1-51bb-419b-b9cd-b4c7b7e78233,Loopback1
SPC00E67CIBE002,33477b50-ca44-4a35-865e-3d7ac5ec9bff,246d1631-34a1-4160-8a4c-d15b67a5b5e7,Loopback0
SPC00E67CIBE002,33477b50-ca44-4a35-865e-3d7ac5ec9bff,ae1dba09-f7ab-45ed-aae4-8adf21077585,Loopback1
SPC00E67CIBP001,d2d8ae1b-1753-42e0-a76c-0e5a16308b1e,f8a935fe-8d6f-419a-8621-185baaa9a714,Loopback0
SPC00E67CIBP001,d2d8ae1b-1753-42e0-a76c-0e5a16308b1e,ce303cf8-ce99-437d-942b-6e98c5f5e209,Loopback1
SPC00E67CIBP002,32321fa8-4349-46c0-9407-f905375b9143,dece05a8-5351-4e10-8e26-d47c523c44d8,Loopback0
SPC00E67CIBP002,32321fa8-4349-46c0-9407-f905375b9143,aaec9cb2-a71b-4261-b381-195df756e30b,Loopback1
SPC00E67CIRO001,58ee6fee-8b25-42dd-a6cf-7b31b98183ad,8cc56d45-3570-4f1f-90ae-463e617432aa,Loopback0
SPC00E67CIRO001,58ee6fee-8b25-42dd-a6cf-7b31b98183ad,7af355f3-7c2e-42c5-95e4-394cec9b23f2,Loopback1
SPC00E67CIRO002,cd519491-bdee-426e-aa79-fa331a15f3ce,366e902e-a58b-4187-8e33-769c80ade295,Loopback0
SPC00E67CIRO002,cd519491-bdee-426e-aa79-fa331a15f3ce,fca7e78d-44a2-471b-98ef-1d3da2558e70,Loopback1
SPES0788CICU001,6774808b-21c1-4530-a305-0483b4eab48b,68796897-2cd6-42e1-acd2-d8d72b0c617d,Loopback0
SPES0788CICU001,6774808b-21c1-4530-a305-0483b4eab48b,5887acd4-7ade-472a-8fa3-a317c5c2ed08,Loopback1
SPL00605CICN001,5a47f70d-20c7-4b98-a790-c6ad2b5424d0,24ad28bb-81d0-4ff6-a344-159eba58155a,Loopback0
SPL00605CICN001,5a47f70d-20c7-4b98-a790-c6ad2b5424d0,29ed0763-06c0-41a9-93e2-d1f4cea7f1ea,Loopback1
SPL00605CICN002,7e663c99-068e-4c47-8330-76102aa022fe,b84ee414-3c8f-449f-a7fe-d55dfcf2f076,Loopback0
SPL00605CICN002,7e663c99-068e-4c47-8330-76102aa022fe,419c46cd-9d12-4d55-88e8-d7d0c1dfab35,Loopback1
SPLPXSPLCICN001,e2e6c19d-ece7-445f-8a10-c19d5559a716,a6cb1fc8-fdde-4676-b800-db56dfd19a02,Loopback0
SPLPXSPLCICN001,e2e6c19d-ece7-445f-8a10-c19d5559a716,861cd997-ea0e-4821-b504-fa3d492dcc96,Loopback1
SPLPXSPLCICN002,df740613-ef11-4aed-a32f-e8e3e5386342,2faff7d5-55c9-46c8-97f8-ea2b672485e8,Loopback0
SPLPXSPLCICN002,df740613-ef11-4aed-a32f-e8e3e5386342,fa821218-ce4c-4b16-a57a-a35cac19857c,Loopback1
SPR00683CICN001,121fcf7c-f90d-4afd-a0d4-6f941c7ea86f,b9e9a6aa-c794-4fe0-81db-9efec888f539,Loopback0
SPR00683CICN001,121fcf7c-f90d-4afd-a0d4-6f941c7ea86f,f58684d2-b7ee-434e-bb1a-ad2fe2aa7ba6,Loopback1
SPR00683CICN002,c3e0daff-528e-4f2b-9e60-7aa070b065d4,c44f1d27-d4e5-481a-af23-a1014fa0fa8c,Loopback0
SPR00683CICN002,c3e0daff-528e-4f2b-9e60-7aa070b065d4,788cab7e-4775-4528-ac27-a9cb1db9409c,Loopback1
SPR04119CICN002,b70d8311-c4aa-4701-a0fa-dd6932686563,962c59e3-27ba-4507-b48a-38179fff6d19,Loopback0
SPR04119CICN002,b70d8311-c4aa-4701-a0fa-dd6932686563,94801581-513b-4b14-a7ef-079294c5ec67,Loopback1
SRO00Q34CICN001,dbc1d76f-43a9-4b21-bae1-caf6a13bcf75,a3c0bc42-6d89-4d17-b67a-428c77047063,Loopback0
SRO00Q34CICN001,dbc1d76f-43a9-4b21-bae1-caf6a13bcf75,3e9368bc-5bef-493f-bbbb-9a89c99f6f4f,Loopback1
SRO00Q34CICN002,6caadb54-9afa-4bef-9f32-eb5d46d4bc84,899d11b0-995b-45c6-a640-0add1f7f211a,Loopback0
SRO00Q34CICN002,6caadb54-9afa-4bef-9f32-eb5d46d4bc84,17a21bd3-c760-4200-b679-0ac61d617f66,Loopback1
SROPXSROCICU001,32b1bf03-4b8a-4fc1-854e-d21b46f3c18d,a6e0438d-b2e9-46b3-b564-6d92289639f6,Loopback0
SROPXSROCICU001,32b1bf03-4b8a-4fc1-854e-d21b46f3c18d,edf7e349-6d72-486c-a7b0-f235bcdca485,Loopback1
SROS3549CICU001,556652fb-2a4f-4d25-9e76-fa6cc1f6b22a,52941b60-2788-4c6c-a296-a2be4994bbb0,Loopback0
SROS3549CICU001,556652fb-2a4f-4d25-9e76-fa6cc1f6b22a,c1ba8a8e-1bab-4144-b3ed-6c529e1852da,Loopback1
SST00Y76CICU001,99a74c78-d647-498f-9b95-8ed9c9071824,20d3a4ac-5d02-4bff-985f-c018e7240203,Loopback0
SST00Y76CICU001,99a74c78-d647-498f-9b95-8ed9c9071824,0b888b76-e33a-4b56-8424-870af778c03e,Loopback1
SUB00527CIBE001,6f9b5f7e-9277-4581-9f67-4888ae53f831,4ae5e16b-152b-4059-b632-3ac8080ba491,Loopback0
SUB00527CIBE001,6f9b5f7e-9277-4581-9f67-4888ae53f831,137276fc-2847-4d6e-9da6-958798e3521e,Loopback1
SUB00527CIBE002,a2a59ae3-5133-4ebe-98a9-2597363d6285,63e2b446-50dd-4e7e-8d87-c58c4f96264b,Loopback0
SUB00527CIBE002,a2a59ae3-5133-4ebe-98a9-2597363d6285,c5a5b136-eca5-4553-965f-6f48e8ce8a92,Loopback1
SUB00527CICN001,3ea2c0f4-08b2-4d98-9b4c-395450fd72c3,2d7ab8dd-a207-4b32-8ea6-69d77010f9b5,Loopback0
SUB00527CICN001,3ea2c0f4-08b2-4d98-9b4c-395450fd72c3,e552ea45-05e1-4ac6-ac09-4c6f6f95cf00,Loopback1
SUB00527CICU001,5380bd79-5c4c-468c-a986-a7a80f2aacb8,1936eb81-8b82-434b-97b5-96f07e307533,Loopback0
SUB00527CICU001,5380bd79-5c4c-468c-a986-a7a80f2aacb8,49463226-ce8b-4bc4-a38e-c4ceb770c66d,Loopback1
SXL04178CICU001,725c2eb7-d457-4838-920a-fc747b8a6230,5c03bf6a-7ddd-41cf-8920-cb1749dcfed3,Loopback0
SXL04178CICU001,725c2eb7-d457-4838-920a-fc747b8a6230,dcbb80a4-df2a-4fa3-ad6f-87ad3f7e17e3,Loopback1
SXLPXSXLCIBE001,255c739f-ca41-47b1-9fde-39b4d21e30fb,293c6abc-4955-462c-9b04-679e6a97e02d,Loopback0
SXLPXSXLCIBE001,255c739f-ca41-47b1-9fde-39b4d21e30fb,556cf66e-4b89-4362-a42c-746f3256faf2,Loopback1
SXLPXSXLCIBE002,deb03327-f00f-4e20-a615-88fb04f0e6df,6fef991c-bda8-46f4-8880-0c7c48e5aee9,Loopback0
SXLPXSXLCIBE002,deb03327-f00f-4e20-a615-88fb04f0e6df,c355ea93-5baa-489f-8e48-737554fe40cd,Loopback1
SZM00N18CIBE001,aa6c6bfa-ab95-4711-9310-15aab874d154,5246818a-3a82-4c4a-86a9-8beae179d1d1,Loopback0
SZM00N18CIBE001,aa6c6bfa-ab95-4711-9310-15aab874d154,5b2ad00c-5eed-4bb9-a241-aa1bfbd59f44,Loopback1
TAG00H21CIBE001,3201937a-460d-4f56-93db-ca1b43268f9b,7c9ba1fc-ce70-4440-b33d-0e9cf2bba5f5,Loopback0
TAG00H21CIBE001,3201937a-460d-4f56-93db-ca1b43268f9b,1b7651da-b418-45d3-9247-38df4ebb41d2,Loopback1
TAG00H21CIBE002,3c4240b3-54c6-478f-a5b0-b0daf1cb3246,1f04cd74-2a75-40a3-b92f-0fc5dada44a7,Loopback0
TAG00H21CIBE002,3c4240b3-54c6-478f-a5b0-b0daf1cb3246,21b2b2c9-a182-4f42-a51e-75ba3eeb29a1,Loopback1
TGT00610CICN001,41a4a9c1-be83-4bb2-a1c6-e8963a3822b4,6b9e5985-3dad-4a62-89d9-93e70bebc9a4,Loopback0
TGT00610CICN001,41a4a9c1-be83-4bb2-a1c6-e8963a3822b4,e5332c28-eacb-45d6-869f-9dc1f425520d,Loopback1
TGT00610CICN002,7c56099e-d50f-4f07-89ab-e500d8d497ae,bbdfae72-5275-4d14-810f-7a54451d0258,Loopback0
TGT00610CICN002,7c56099e-d50f-4f07-89ab-e500d8d497ae,564b5b7f-1621-4079-a935-33082a529d48,Loopback1
TGT05174CICU001,bab82b8a-9915-4529-8ae4-30298b814f0f,228ddb47-b3c1-4d4d-b747-ec14a02d48d7,Loopback0
TGT05174CICU001,bab82b8a-9915-4529-8ae4-30298b814f0f,032f8a71-6141-4677-aef1-b1a2c6bb7a83,Loopback1
TGTPXTGTCIBE001,48adfdec-d5fb-46ef-b551-f25e65346d77,70daf8cb-023b-48fd-bfa3-88350b7b403b,Loopback0
TGTPXTGTCIBE001,48adfdec-d5fb-46ef-b551-f25e65346d77,ab3510e2-c7c1-4afe-8f3d-0e76aa3050c3,Loopback1
TGTPXTGTCIBE002,90bbee29-9302-4173-a07b-44f94705dd83,f068b847-6185-4602-b91e-7de610ef439f,Loopback0
TGTPXTGTCIBE002,90bbee29-9302-4173-a07b-44f94705dd83,fe478bf2-b26c-4b52-b6d5-20ca737637e9,Loopback1
TIA00B54CICN001,328b37b5-38af-4713-9d73-a1a9b1509583,b0499e7f-19db-437d-8d5c-8e11b99e57e8,Loopback0
TIA00B54CICN001,328b37b5-38af-4713-9d73-a1a9b1509583,7c858d4b-17cf-4393-b323-819b667a3866,Loopback1
TIA00B54CICN002,a82ce267-3724-458a-9e57-0b4bd59fca7d,edd4c731-8e5a-41eb-af88-69869fdeb9fa,Loopback0
TIA00B54CICN002,a82ce267-3724-458a-9e57-0b4bd59fca7d,ad48d88d-f996-4b5b-b5e4-1b0418de2fb7,Loopback1
TMSS3565CICN001,3c8c71fe-b1a3-4872-9846-938f9a60955d,bed13e37-0e5d-4342-a335-425c4f13f296,Loopback0
TMSS3565CICN001,3c8c71fe-b1a3-4872-9846-938f9a60955d,ad62ec45-0a14-4397-96b2-5e2331f147bf,Loopback1
TMSS3565CICN002,55a0fc19-9358-4258-b1ed-ee3145382f2a,ad857c5b-3919-4a43-928b-37c9b650602f,Loopback0
TMSS3565CICN002,55a0fc19-9358-4258-b1ed-ee3145382f2a,d0a81319-f16c-4041-bcab-03109bdc400d,Loopback1
TNWS0056CICN001,a80e79a5-eda3-4612-a28e-e413f3d183c2,75293e49-91c8-4347-8ba3-6adc0e7534e7,Loopback0
TNWS0056CICN001,a80e79a5-eda3-4612-a28e-e413f3d183c2,550733d6-2063-451b-8bd8-4af70b08e092,Loopback1
TNWS0056CICN002,6116fff7-4db8-4930-b553-757ba72a2397,1e284ff3-a5d6-47f3-ba57-c140cafed17a,Loopback0
TNWS0056CICN002,6116fff7-4db8-4930-b553-757ba72a2397,744baf2b-35a9-4347-8485-b1ecf46ff955,Loopback1
TRC00N26CICN001,102b9720-adba-4b0b-a0ce-5afee0fcc0e7,e6f8963b-c783-4b00-9aad-ace913724251,Loopback0
TRC00N26CICN001,102b9720-adba-4b0b-a0ce-5afee0fcc0e7,673b7f86-2ffd-4e98-b58c-8aea5f1d2aaa,Loopback1
TRC00N26CICN002,28ceee0b-1d10-4297-a73b-1cc082d1b213,8612421c-ac18-4585-a83f-cd25f4c22198,Loopback0
TRC00N26CICN002,28ceee0b-1d10-4297-a73b-1cc082d1b213,5b1f5af7-f3cd-4c53-bde7-0c209fe53fa7,Loopback1
TRC00587CICN001,c98ad7c7-5cdd-4ad0-a960-f8fb3c2d1052,68c48841-0e36-44e7-b58b-f01d9fa2463c,Loopback0
TRC00587CICN001,c98ad7c7-5cdd-4ad0-a960-f8fb3c2d1052,8913b108-9840-447b-ac9f-63a8feff5dd9,Loopback1
TRC00587CICN002,4e9617e2-4ade-4e2a-8c38-89149a14a233,9776ddf3-ca33-4ffc-84c9-b1e94c4d418f,Loopback0
TRC00587CICN002,4e9617e2-4ade-4e2a-8c38-89149a14a233,6d4eb6b4-3372-4430-af0d-f47d4ef81256,Loopback1
TRC00587CICU001,a43d0079-4ded-4ca7-9a7c-c40c351e2346,ea1f3a8d-b7b9-4ec7-9bcd-befd87779170,Loopback0
TRC00587CICU001,a43d0079-4ded-4ca7-9a7c-c40c351e2346,7f18c857-a449-4120-88c1-6c97021e7fca,Loopback1
TRCN3821CIBE001,43eb7f14-8c3e-47c5-a9fe-d6aa771357b8,8f7614c8-9dbc-4b89-b54a-a321d286f0e7,Loopback0
TRCN3821CIBE001,43eb7f14-8c3e-47c5-a9fe-d6aa771357b8,bcd1772b-c8a2-4703-9667-ef983318914d,Loopback1
TRCN3821CIBE002,bbf3cd2c-7907-4eae-a6e1-91e29f8c4a0c,1a78741e-8f27-46cb-8696-2b76476d15c0,Loopback0
TRCN3821CIBE002,bbf3cd2c-7907-4eae-a6e1-91e29f8c4a0c,0c5ec4da-09a3-48b4-ab24-4cb37ff15a25,Loopback1
TRCPXLIPCICU001,9cc8688c-cc34-40e1-b553-5e23ce4f58b0,6e47266c-7fcc-421b-80c5-d931d93aa29f,Loopback0
TRCPXLIPCICU001,9cc8688c-cc34-40e1-b553-5e23ce4f58b0,af18a8c8-9b34-4fc8-bcdc-5b3ba732e33f,Loopback1
TRCPXTRCCIBP001,353b8fc8-43b3-42d9-a1c8-ba1a58b0178c,81486d8b-a1da-4840-ad8a-ff4fd16655e1,Loopback0
TRCPXTRCCIBP001,353b8fc8-43b3-42d9-a1c8-ba1a58b0178c,829ffd6e-4687-4f88-8c27-a7fa153ab5d7,Loopback1
TRCPXTRCCIBP002,7089c9f7-bd05-4ae8-ae98-498ab22eb3af,dcd3d71a-1b16-4c3f-914e-c978a56eb657,Loopback0
TRCPXTRCCIBP002,7089c9f7-bd05-4ae8-ae98-498ab22eb3af,fee17f50-93c5-4631-a96a-0082d27a92a6,Loopback1
TUG00N31CICU001,99f89273-109a-4845-8611-154a740da17f,94f57876-337d-46fd-b921-622675103c7c,Loopback0
TUG00N31CICU001,99f89273-109a-4845-8611-154a740da17f,7e5714f7-d1ad-4947-adad-b9db606c196f,Loopback1
TUGN8519CIBE001,c27155d6-4c19-4d5c-a521-61510163c0b9,adf0140b-97ef-4ca0-aefe-b5bd5c977119,Loopback0
TUGN8519CIBE001,c27155d6-4c19-4d5c-a521-61510163c0b9,915992e4-24b7-4fa8-bc48-63a6269304a1,Loopback1
TUGN8519CIBE002,fd8cab78-7e33-424b-a33a-b706d67edcaa,5138a482-9e96-409f-884a-103367c8d558,Loopback0
TUGN8519CIBE002,fd8cab78-7e33-424b-a33a-b706d67edcaa,c66b8492-e4d3-44b3-bd44-3e26efa19cbe,Loopback1
TYSPXTYSCIBE001,55e2554c-03bd-4d75-898b-8c2f34d9cb59,ca5013c6-93df-42ef-baaa-43cbab42d66f,Loopback0
TYSPXTYSCIBE001,55e2554c-03bd-4d75-898b-8c2f34d9cb59,adb96d65-a687-492f-b811-ad7970ae0e34,Loopback1
TYSPXTYSCIBE002,1fd81afd-5799-4e62-9be3-5e6dc7de3318,f5425330-0195-480c-94c3-d39000500a5f,Loopback0
TYSPXTYSCIBE002,1fd81afd-5799-4e62-9be3-5e6dc7de3318,35ca31fb-cbfc-4d85-a202-9b4913c0e751,Loopback1
URD00C01CICN001,ece96f21-378f-48ea-91f5-bfbf3a2a9c9e,cd102fa5-ad5e-45a7-81e8-db237d37f992,Loopback0
URD00C01CICN001,ece96f21-378f-48ea-91f5-bfbf3a2a9c9e,090329e5-a67c-4fe3-83ae-f9bb66037c2f,Loopback1
URD00C01CICN002,1fb60efe-a4cd-4c18-8cbb-c8bf31dbac2c,1887d572-0c44-4d11-a710-934b7593ad42,Loopback0
URD00C01CICN002,1fb60efe-a4cd-4c18-8cbb-c8bf31dbac2c,2ab584cd-9648-4232-b4d8-43dc97e31860,Loopback1
URD00C01CICU001,cad31b8a-1ec5-49d0-951b-932f8c08605d,a8eeff99-5fa3-46f2-a34b-c49800f39680,Loopback0
URD00C01CICU001,cad31b8a-1ec5-49d0-951b-932f8c08605d,8d7e3536-0860-4eff-966e-e9fd95081734,Loopback1
VALPXVALCICN001,13f0b5db-5dab-43ca-a148-9371371d6de6,434d7e92-60e7-4371-9442-0b003a2b7194,Loopback0
VALPXVALCICN001,13f0b5db-5dab-43ca-a148-9371371d6de6,4a20af09-1b82-410d-97be-a66240f8e990,Loopback1
VALPXVALCICN002,3df021cf-a3b3-469a-9bdd-601b87ace480,40351250-4ab4-408f-ae8f-d1f82c65135c,Loopback0
VALPXVALCICN002,3df021cf-a3b3-469a-9bdd-601b87ace480,37feedc7-3469-4148-b099-6688354b50cb,Loopback1
VGN00C15CIBE001,873001d5-7ca0-4fbd-85e4-a3f73d9f0988,1743cce2-0f31-4a84-a7f4-5a35a5f9e010,Loopback0
VGN00C15CIBE001,873001d5-7ca0-4fbd-85e4-a3f73d9f0988,bb0e689c-77a7-4f42-85b8-d6c5e012ecaa,Loopback1
VGN00C15CIBE002,7f21773b-4627-4bc4-bb7c-5432a98c85e2,d9097ef2-5f5c-4a85-ae14-1103d872514e,Loopback0
VGN00C15CIBE002,7f21773b-4627-4bc4-bb7c-5432a98c85e2,fe22c3c0-afe7-40ce-aa48-490c8808fa1f,Loopback1
,,,
,,,
,,,
,,,
,,,
,,,
,,,
