SITE_NAME,DEVICE_TYPE,HOSTNAME,REGION,IPV4_MANAGEMENT_IP,IPV6_MANAGEMENT_IP,IPV4_LOOPBACK0_ADDRESS,IPV6_LOOPBACK0_ADDRESS,SID_ABSOLUTE_PREFIX,SID_ABSOLUTE_STRICT_PREFIX,ANY_CAST_SID,PHASE,IPV4_ANYCAST_IP
B04 BATANGAS RBS,DN-1,BAT00B04CICN001,SL,10.205.140.82,2405:b800::a053,10.205.132.82,2405:b800::2052,23076,23077,99019,PHASE 1,10.205.184.168
B04 BATANGAS RBS,DN-2,BAT00B04CICN002,SL,10.205.140.83,2405:b800::a054,10.205.132.83,2405:b800::2053,23078,23079,99019,PHASE 1,10.205.184.168
PLDT ALABANG,PE-1,MTP00H22CIBE001,GMM,10.205.138.9,2405:b800::9009,10.205.130.9,2405:b800::1009,18016,18017,96004,PHASE 1,10.205.184.5
PLDT ALABANG,PE-2,MTP00H22CIBE002,GMM,10.205.138.10,2405:b800::900a,10.205.130.10,2405:b800::100a,18018,18019,96004,PHASE 1,10.205.184.5
PLDT ALABANG,AN-1,MTPPXALACICU001,GMM,10.205.142.1,2405:b800::b001,10.205.134.1,2405:b800::3001,33000,33001,,PHASE 1,
PLDT ALAMINOS,AN-1,SPES0788CICU001,SL,10.205.142.83,2405:b800::b053,10.205.134.83,2405:b800::3053,33084,33085,,PHASE 1,
PLDT ALITAGTAG,AN-1,ATT00T02CICU001,SL,10.205.142.64,2405:b800::b040,10.205.134.64,2405:b800::3040,33046,33047,,PHASE 1,
PLDT BAGUIO,PE-1,BGO05352CIBE001,NL,10.205.138.60,2405:b800::903c,10.205.130.60,2405:b800::103c,18098,18099,96021,PHASE 1,10.205.184.46
PLDT BAGUIO,PE-2,BGO05352CIBE002,NL,10.205.138.61,2405:b800::903d,10.205.130.61,2405:b800::103d,18100,18101,96021,PHASE 1,10.205.184.46
PLDT BALANGA,AN-1,BLAPXBLACICU001,NL,10.205.142.32,2405:b800::b020,10.205.134.32,2405:b800::3020,33006,33007,,PHASE 1,
PLDT BATANGAS,PE-1,BATS0002CIBE001,SL,10.205.138.68,2405:b800::9044,10.205.130.68,2405:b800::1044,18110,18111,96024,PHASE 1,10.205.184.66
PLDT BATANGAS,PE-2,BATS0002CIBE002,SL,10.205.138.69,2405:b800::9045,10.205.130.69,2405:b800::1045,18112,18113,96024,PHASE 1,10.205.184.66
PLDT BATANGAS,AN-1,BATS0002CICU001,SL,10.205.142.65,2405:b800::b041,10.205.134.65,2405:b800::3041,33048,33049,,PHASE 1,
PLDT BAUAN,AN-1,BAB00B13CICU001,SL,10.205.142.66,2405:b800::b042,10.205.134.66,2405:b800::3042,33050,33051,,PHASE 1,
PLDT BEPZA,AN-1,MRVPXBPZCICU001,NL,10.205.142.33,2405:b800::b021,10.205.134.33,2405:b800::3021,33008,33009,,PHASE 1,
PLDT BINAKAYAN,PE-1,KAWS0016CIBE001,NL,10.205.138.64,2405:b800::9040,10.205.130.64,2405:b800::1040,18102,18103,96022,PHASE 1,10.205.184.64
PLDT BINAKAYAN,PE-2,KAWS0016CIBE002,NL,10.205.138.65,2405:b800::9041,10.205.130.65,2405:b800::1041,18104,18105,96022,PHASE 1,10.205.184.64
PLDT BINAKAYAN,AN-1,KAWS0016CICU001,NL,10.205.142.67,2405:b800::b043,10.205.134.67,2405:b800::3043,33052,33053,,PHASE 1,
PLDT BINAN DIGITEL,AN-1,BNNS0801CICU001,SL,10.205.142.68,2405:b800::b044,10.205.134.68,2405:b800::3044,33054,33055,,PHASE 1,
PLDT BULACAN,AN-1,BCN00550CICU001,NL,10.205.142.34,2405:b800::b022,10.205.134.34,2405:b800::3022,33010,33011,,PHASE 1,
PLDT CABANATUAN,PE-1,BCN00550CICU001,NL,10.205.138.50,2405:b800::9032,10.205.130.50,2405:b800::1032,18078,18079,96016,PHASE 1,10.205.184.41
PLDT CABANATUAN,PE-2,CAB06118CIBE002,NL,10.205.138.51,2405:b800::9033,10.205.130.51,2405:b800::1033,18080,18081,96016,PHASE 1,10.205.184.41
PLDT CABANATUAN,AN-1,CABN5695CICU001,NL,10.205.142.35,2405:b800::b023,10.205.134.35,2405:b800::3023,33012,33013,,PHASE 1,
PLDT CALAMBA,PE-1,CLAS3548CIBE001,SL,10.205.138.66,2405:b800::9042,10.205.130.66,2405:b800::1042,18106,18107,96023,PHASE 1,10.205.184.65
PLDT CALAMBA,PE-2,CLAS3548CIBE002,SL,10.205.138.67,2405:b800::9043,10.205.130.67,2405:b800::1043,18108,18109,96023,PHASE 1,10.205.184.65
PLDT CALAMBA,AN-1,CLA00633CICU001,SL,10.205.142.69,2405:b800::b045,10.205.134.69,2405:b800::3045,33056,33057,,PHASE 1,
PLDT CARMONA,DN-1,CMN05702CICN001,SL,10.205.140.66,2405:b800::a043,10.205.132.66,2405:b800::2042,23044,23045,99011,PHASE 1,10.205.184.160
PLDT CARMONA,DN-2,CMN05702CICN002,SL,10.205.140.67,2405:b800::a044,10.205.132.67,2405:b800::2043,23046,23047,99011,PHASE 1,10.205.184.160
PLDT CEPZA,AN-1,RSC00Q98CICU001,SL,10.205.142.70,2405:b800::b046,10.205.134.70,2405:b800::3046,33058,33059,,PHASE 1,
PLDT CLARK,PE-1,CKLN8004CIBE001,NL,10.205.138.34,2405:b800::9022,10.205.130.34,2405:b800::1022,18046,18047,96008,PHASE 1,10.205.184.33
PLDT CLARK,PE-2,CKLN8004CIBE002,NL,10.205.138.35,2405:b800::9023,10.205.130.35,2405:b800::1023,18048,18049,96008,PHASE 1,10.205.184.33
PLDT CLARK,AN-1,CKL00Y84CICU001,NL,10.205.142.36,2405:b800::b024,10.205.134.36,2405:b800::3024,33014,33015,,PHASE 1,
PLDT CLARK,S-RR-2,CKL3992CIRR002,NL,10.205.138.98,2405:b800::9062,10.205.130.98,2405:b800::1062,18134,18135,,PHASE 1,
PLDT CLARK,T-RR-2,CKL3992CIRR001,NL,10.205.138.97,2405:b800::9061,10.205.130.97,2405:b800::1061,18136,18137,,PHASE 1,
PLDT CLARK,XTC-2,CKL3992CIVV029,NL,10.205.138.96,2405:b800::9060,10.205.130.96,2405:b800::1060,18138,18139,,PHASE 1,
PLDT DAGUPAN,PE-1,DGPN3809CIBE001,NL,10.205.138.48,2405:b800::9030,10.205.130.48,2405:b800::1030,18074,18075,96015,PHASE 1,10.205.184.40
PLDT DAGUPAN,PE-2,DGPN3809CIBE002,NL,10.205.138.49,2405:b800::9031,10.205.130.49,2405:b800::1031,18076,18077,96015,PHASE 1,10.205.184.40
PLDT FCIE,DN-1,DAS00S39CICN001,SL,10.205.140.110,2405:b800::a06f,10.205.132.110,2405:b800::206e,23132,23133,99033,PHASE 1,10.205.184.182
PLDT FCIE,DN-2,DAS00S39CICN002,SL,10.205.140.111,2405:b800::a070,10.205.132.111,2405:b800::206f,23134,23135,99033,PHASE 1,10.205.184.182
PLDT FCIE,AN-1,DAS00S39CICU001,SL,10.205.142.71,2405:b800::b047,10.205.134.71,2405:b800::3047,33060,33061,,PHASE 1,
PLDT GUIGUINTO,AN-1,GGTPXGGTCICU001,NL,10.205.142.39,2405:b800::b027,10.205.134.39,2405:b800::3027,33020,33021,,PHASE 1,
PLDT IMUS,DN-1,IMUS3559CICN001,SL,10.205.140.90,2405:b800::a05b,10.205.132.90,2405:b800::205a,23092,23093,99023,PHASE 1,10.205.184.172
PLDT IMUS,DN-2,IMUS3559CICN002,SL,10.205.140.91,2405:b800::a05c,10.205.132.91,2405:b800::205b,23094,23095,99023,PHASE 1,10.205.184.172
PLDT INDANG,DN-1,IDGPXIDGCICN001,SL,10.205.140.114,2405:b800::a073,10.205.132.114,2405:b800::2072,23140,23141,99035,PHASE 1,10.205.184.184
PLDT INDANG,DN-2,IDGPXIDGCICN002,SL,10.205.140.115,2405:b800::a074,10.205.132.115,2405:b800::2073,23142,23143,99035,PHASE 1,10.205.184.184
PLDT JUPITER,PE-1,MKTG3610CIBE001,GMM,10.205.138.1,2405:b800::9001,10.205.130.1,2405:b800::1001,18000,18001,96000,PHASE 1,10.205.184.1
PLDT JUPITER,PE-2,MKTG3610CIBE002,GMM,10.205.138.2,2405:b800::9002,10.205.130.2,2405:b800::1002,18002,18003,96000,PHASE 1,10.205.184.1
PLDT JUPITER,P-1,MKTG3610CIBP001,GMM,10.205.136.1,2405:b800::8001,10.205.128.1,2405:b800::0001,16000,16001,,PHASE 1,
PLDT JUPITER,P-2,MKTG3610CIBP002,GMM,10.205.136.2,2405:b800::8002,10.205.128.2,2405:b800::0002,16002,16003,,PHASE 1,
PLDT JUPITER,ASBR-1,MKTG3610CIRO001,GMM,10.205.138.15,2405:b800::900f,10.205.130.15,2405:b800::100f,18028,18029,,PHASE 1,
PLDT JUPITER,ASBR-2,MKTG3610CIRO002,GMM,10.205.138.16,2405:b800::9010,10.205.130.16,2405:b800::1010,18030,18031,,PHASE 1,
PLDT JUPITER,S-RR-1,MKTG3610CIRR002,GMM,10.205.138.21,2405:b800::9015,10.205.130.21,2405:b800::1015,18036,18037,,PHASE 1,
PLDT JUPITER,T-RR-1,MKTG3610CIRR001,GMM,10.205.138.20,2405:b800::9014,10.205.130.20,2405:b800::1014,18038,18039,,PHASE 1,
PLDT JUPITER,XTC-1,MKTG3610CIVV029,GMM,10.205.138.19,2405:b800::9013,10.205.130.19,2405:b800::1013,18040,18041,,PHASE 1,
PLDT LAGUNA LOS BANOS,AN-1,LBSS0059CICU001,SL,10.205.142.72,2405:b800::b048,10.205.134.72,2405:b800::3048,33062,33063,,PHASE 1,
PLDT LAOAG,PE-1,LAGN3816CIBE001,NL,10.205.138.40,2405:b800::9028,10.205.130.40,2405:b800::1028,18058,18059,96011,PHASE 1,10.205.184.36
PLDT LAOAG,PE-2,LAGN3816CIBE002,NL,10.205.138.41,2405:b800::9029,10.205.130.41,2405:b800::1029,18060,18061,96011,PHASE 1,10.205.184.36
PLDT LAOAG,AN-1,LAGN0000CICU001,NL,10.205.142.42,2405:b800::b02a,10.205.134.42,2405:b800::302a,33026,33027,,PHASE 1,
PLDT LIIP,AN-1,BNNPXLIICICU001,SL,10.205.142.73,2405:b800::b049,10.205.134.73,2405:b800::3049,33064,33065,,PHASE 1,
PLDT LILIW,AN-1,LIWS0800CICU001,SL,10.205.142.74,2405:b800::b04a,10.205.134.74,2405:b800::304a,33066,33067,,PHASE 1,
PLDT LIPA,DN-1,LIPS0014CICN001,SL,10.205.140.76,2405:b800::a04d,10.205.132.76,2405:b800::204c,23064,23065,99016,PHASE 1,10.205.184.165
PLDT LIPA,DN-2,LIPS0014CICN002,SL,10.205.140.77,2405:b800::a04e,10.205.132.77,2405:b800::204d,23066,23067,99016,PHASE 1,10.205.184.165
PLDT LIPA,AN-1,LIPS1300CICU001,SL,10.205.142.75,2405:b800::b04b,10.205.134.75,2405:b800::304b,33068,33069,,PHASE 1,
PLDT LTI,DN-1,SRO00Q34CICN001,SL,10.205.140.104,2405:b800::a069,10.205.132.104,2405:b800::2068,23120,23121,99030,PHASE 1,10.205.184.179
PLDT LTI,DN-2,SRO00Q34CICN002,SL,10.205.140.105,2405:b800::a06a,10.205.132.105,2405:b800::2069,23122,23123,99030,PHASE 1,10.205.184.179
PLDT LTI,AN-1,SROS3549CICU001,SL,10.205.142.76,2405:b800::b04c,10.205.134.76,2405:b800::304c,33070,33071,,PHASE 1,
PLDT LUCENA,P-1,LCN04117CIBP001,SL,10.205.136.64,2405:b800::8040,10.205.128.64,2405:b800::0040,16016,16017,,PHASE 1,
PLDT LUCENA,P-2,LCN04117CIBP002,SL,10.205.136.65,2405:b800::8041,10.205.128.65,2405:b800::0041,16018,16019,,PHASE 1,
PLDT LUCENA,ASBR-1,LCN04117CIRO001,SL,10.205.138.78,2405:b800::904e,10.205.130.78,2405:b800::104e,18130,18131,,PHASE 1,
PLDT LUCENA,ASBR-2,LCN04117CIRO002,SL,10.205.138.79,2405:b800::904f,10.205.130.79,2405:b800::104f,18132,18133,,PHASE 1,
PLDT MABALACAT,DN-1,MCT03903CICN001,NL,10.205.140.1,2405:b800::a001,10.205.132.1,2405:b800::2001,23000,23001,99000,PHASE 1,10.205.184.96
PLDT MABALACAT,DN-2,MCT03903CICN002,NL,10.205.140.2,2405:b800::a002,10.205.132.2,2405:b800::2002,23002,23003,99000,PHASE 1,10.205.184.96
PLDT MABALACAT,AN-1,MCT03903CICU001,NL,10.205.142.38,2405:b800::b026,10.205.134.38,2405:b800::3026,33018,33019,,PHASE 1,
PLDT MALOLOS,PE-1,MLLN3874CIBE001,NL,10.205.138.38,2405:b800::9026,10.205.130.38,2405:b800::1026,18054,18055,96010,PHASE 1,10.205.184.35
PLDT MALOLOS,PE-2,MLLN3874CIBE002,NL,10.205.138.39,2405:b800::9027,10.205.130.39,2405:b800::1027,18056,18057,96010,PHASE 1,10.205.184.35
PLDT MALOLOS,AN-1,MLLN0037CICU001,NL,10.205.142.43,2405:b800::b02b,10.205.134.43,2405:b800::302b,33028,33029,,PHASE 1,
PLDT NAIC,DN-1,NACS3561CICN001,SL,10.205.140.92,2405:b800::a05d,10.205.132.92,2405:b800::205c,23096,23097,99024,PHASE 1,10.205.184.173
PLDT NAIC,DN-2,NACS3561CICN002,SL,10.205.140.93,2405:b800::a05e,10.205.132.93,2405:b800::205d,23098,23099,99024,PHASE 1,10.205.184.173
PLDT NAIC,AN-1,NACS3561CICU001,SL,10.205.142.77,2405:b800::b04d,10.205.134.77,2405:b800::304d,33072,33073,,PHASE 1,
PLDT NASUGBU,PE-1,NSBS0051CIBE001,SL,10.205.138.70,2405:b800::9046,10.205.130.70,2405:b800::1046,18114,18115,96025,PHASE 1,10.205.184.67
PLDT NASUGBU,PE-2,NSBS0051CIBE002,SL,10.205.138.71,2405:b800::9047,10.205.130.71,2405:b800::1047,18116,18117,96025,PHASE 1,10.205.184.67
PLDT NASUGBU,AN-1,NSBS1366CICU001,SL,10.205.142.78,2405:b800::b04e,10.205.134.78,2405:b800::304e,33074,33075,,PHASE 1,
PLDT NORTH PARANAQUE,PE-1,PRQG0049CIBE001,GMM,10.205.138.11,2405:b800::900b,10.205.130.11,2405:b800::100b,18020,18021,96005,PHASE 1,10.205.184.6
PLDT NORTH PARANAQUE,PE-2,PRQG0049CIBE002,GMM,10.205.138.12,2405:b800::900c,10.205.130.12,2405:b800::100c,18022,18023,96005,PHASE 1,10.205.184.6
PLDT NORTH PARANAQUE,AN-1,PRQG0049CICU001,GMM,10.205.142.3,2405:b800::b003,10.205.134.3,2405:b800::3003,33004,33005,,PHASE 1,
PLDT OLONGAPO,AN-1,OLGPXOLGCICU001,NL,10.205.142.44,2405:b800::b02c,10.205.134.44,2405:b800::302c,33030,33031,,PHASE 1,
PLDT PAMPLONA,AN-1,LPN00358CICU001,GMM,10.205.142.2,2405:b800::b002,10.205.134.2,2405:b800::3002,33002,33003,,PHASE 1,
PLDT ROSARIO,AN-1,RSCS0075CICU001,SL,10.205.142.79,2405:b800::b04f,10.205.134.79,2405:b800::304f,33076,33077,,PHASE 1,
PLDT SAMPALOC,P-1,SPC00E67CIBP001,GMM,10.205.136.3,2405:b800::8003,10.205.128.3,2405:b800::0003,16004,16005,,PHASE 1,
PLDT SAMPALOC,P-2,SPC00E67CIBP002,GMM,10.205.136.4,2405:b800::8004,10.205.128.4,2405:b800::0004,16006,16007,,PHASE 1,
PLDT SAMPALOC,PE-1,SPC00E67CIBE001,GMM,10.205.138.3,2405:b800::9003,10.205.130.3,2405:b800::1003,18004,18005,96001,PHASE 1,10.205.184.2
PLDT SAMPALOC,PE-2,SPC00E67CIBE002,GMM,10.205.138.4,2405:b800::9004,10.205.130.4,2405:b800::1004,18006,18007,96001,PHASE 1,10.205.184.2
PLDT SAMPALOC,ASBR-1,SPC00E67CIRO001,GMM,10.205.138.17,2405:b800::9011,10.205.130.17,2405:b800::1011,18032,18033,,PHASE 1,
PLDT SAMPALOC,ASBR-2,SPC00E67CIRO002,GMM,10.205.138.18,2405:b800::9012,10.205.130.18,2405:b800::1012,18034,18035,,PHASE 1,
PLDT SAN MARCELINO,AN-1,SMZN3839CICU001,NL,10.205.142.46,2405:b800::b02e,10.205.134.46,2405:b800::302e,33034,33035,,PHASE 1,
PLDT SAN PEDRO,DN-1,SPR04119CICN002,SL,10.205.140.64,2405:b800::a041,10.205.132.64,2405:b800::2040,23040,23041,99010,PHASE 1,10.205.184.159
PLDT SAN PEDRO,DN-2,SPR04119CICN002,SL,10.205.140.65,2405:b800::a042,10.205.132.65,2405:b800::2041,23042,23043,99010,PHASE 1,10.205.184.159
PLDT SFP,PE-1,SFPN3827CIBE0001,NL,10.205.138.44,2405:b800::902c,10.205.130.44,2405:b800::102c,18066,18067,96013,PHASE 1,10.205.184.38
PLDT SFP,PE-2,SFPN3827CIBE0002,NL,10.205.138.45,2405:b800::902d,10.205.130.45,2405:b800::102d,18068,18069,96013,PHASE 1,10.205.184.38
PLDT SFU,PE-1,SFUN3814CIBE001,NL,10.205.138.32,2405:b800::9020,10.205.130.32,2405:b800::1020,18042,18043,96007,PHASE 1,10.205.184.32
PLDT SFU,PE-2,SFUN3814CIBE002,NL,10.205.138.33,2405:b800::9021,10.205.130.33,2405:b800::1021,18044,18045,96007,PHASE 1,10.205.184.32
PLDT SFU,AN-1,SFU05156CICU001,NL,10.205.142.47,2405:b800::b02f,10.205.134.47,2405:b800::302f,33036,33037,,PHASE 1,
PLDT SFU,P-1,SFUN3814CIBP001,NL,10.205.136.32,2405:b800::8020,10.205.128.32,2405:b800::0020,16012,16013,,PHASE 1,
PLDT SFU,P-2,SFUN3814CIBP002,NL,10.205.136.33,2405:b800::8021,10.205.128.33,2405:b800::0021,16014,16015,,PHASE 1,
PLDT SILANG,DN-1,SILPXSILCICN001,SL,10.205.140.94,2405:b800::a05f,10.205.132.94,2405:b800::205e,23100,23101,99025,PHASE 1,10.205.184.174
PLDT SILANG,DN-2,SILPXSILCICN002,SL,10.205.140.95,2405:b800::a060,10.205.132.95,2405:b800::205f,23102,23103,99025,PHASE 1,10.205.184.174
PLDT SOUTH TAGUIG,PE-1,TAG00H21CIBE001,GMM,10.205.138.13,2405:b800::900d,10.205.130.13,2405:b800::100d,18024,18025,96006,PHASE 1,10.205.184.7
PLDT SOUTH TAGUIG,PE-2,TAG00H21CIBE002,GMM,10.205.138.14,2405:b800::900e,10.205.130.14,2405:b800::100e,18026,18027,96006,PHASE 1,10.205.184.7
PLDT STA CRUZ,AN-1,SXL04178CICU001,SL,10.205.142.80,2405:b800::b050,10.205.134.80,2405:b800::3050,33078,33079,,PHASE 1,
PLDT STA ROSA,AN-1,SROPXSROCICU001,SL,10.205.142.81,2405:b800::b051,10.205.134.81,2405:b800::3051,33080,33081,,PHASE 1,
PLDT SUBIC,PE-1,SUB00527CIBE001,NL,10.205.138.36,2405:b800::9024,10.205.130.36,2405:b800::1024,18050,18051,96009,PHASE 1,10.205.184.34
PLDT SUBIC,PE-2,SUB00527CIBE002,NL,10.205.138.37,2405:b800::9025,10.205.130.37,2405:b800::1025,18052,18053,96009,PHASE 1,10.205.184.34
PLDT SUBIC,AN-1,SUB00527CICU001,NL,10.205.142.48,2405:b800::b030,10.205.134.48,2405:b800::3030,33038,33039,,PHASE 1,
PLDT SUCAT VITRO,PE-1,PRQG0099CIBE001,GMM,10.205.138.7,2405:b800::9007,10.205.130.7,2405:b800::1007,18012,18013,96003,PHASE 1,10.205.184.4
PLDT SUCAT VITRO,PE-2,PRQG0099CIBE002,GMM,10.205.138.8,2405:b800::9008,10.205.130.8,2405:b800::1008,18014,18015,96003,PHASE 1,10.205.184.4
PLDT TAGAYTAY,AN-1,TGT05174CICU001,SL,10.205.142.82,2405:b800::b052,10.205.134.82,2405:b800::3052,33082,33083,,PHASE 1,
PLDT TAMBO,P-1,PRQ06653CIBP001,GMM,10.205.136.5,2405:b800::8005,10.205.128.5,2405:b800::0005,16008,16009,,PHASE 1,
PLDT TAMBO,P-2,PRQ06653CIBP002,GMM,10.205.136.6,2405:b800::8006,10.205.128.6,2405:b800::0006,16010,16011,,PHASE 1,
PLDT SOUTH PARANAQUE,PE-1,PRQPXPRQCIBE001,GMM,10.205.138.5,2405:b800::9005,10.205.130.5,2405:b800::1005,18008,18009,96002,PHASE 1,10.205.184.3
PLDT SOUTH PARANAQUE,PE-2,PRQPXPRQCIBE002,GMM,10.205.138.6,2405:b800::9006,10.205.130.6,2405:b800::1006,18010,18011,96002,PHASE 1,10.205.184.3
PLDT TANAUAN,DN-1,TNWS0056CICN001,SL,10.205.140.112,2405:b800::a071,10.205.132.112,2405:b800::2070,23136,23137,99034,PHASE 1,10.205.184.183
PLDT TANAUAN,DN-2,TNWS0056CICN002,SL,10.205.140.113,2405:b800::a072,10.205.132.113,2405:b800::2071,23138,23139,99034,PHASE 1,10.205.184.183
PLDT TARLAC,PE-1,TRCN3821CIBE001,NL,10.205.138.46,2405:b800::902e,10.205.130.46,2405:b800::102e,18070,18071,96014,PHASE 1,10.205.184.39
PLDT TARLAC,PE-2,TRCN3821CIBE002,NL,10.205.138.47,2405:b800::902f,10.205.130.47,2405:b800::102f,18072,18073,96014,PHASE 1,10.205.184.39
PLDT TARLAC,AN-1,TRC00587CICU001,NL,10.205.142.49,2405:b800::b031,10.205.134.49,2405:b800::3031,33040,33041,,PHASE 1,
PLDT TRECE MARTIREZ,DN-1,TMSS3565CICN001,SL,10.205.140.96,2405:b800::a061,10.205.132.96,2405:b800::2060,23104,23105,99026,PHASE 1,10.205.184.175
PLDT TRECE MARTIREZ,DN-2,TMSS3565CICN002,SL,10.205.140.97,2405:b800::a062,10.205.132.97,2405:b800::2061,23106,23107,99026,PHASE 1,10.205.184.175
PLDT TUGUEGARAO,PE-1,TUGN8519CIBE001,NL,10.205.138.58,2405:b800::903a,10.205.130.58,2405:b800::103a,18094,18095,96020,PHASE 1,10.205.184.45
PLDT TUGUEGARAO,PE-2,TUGN8519CIBE002,NL,10.205.138.59,2405:b800::903b,10.205.130.59,2405:b800::103b,18096,18097,96020,PHASE 1,10.205.184.45
PLDT TUGUEGARAO,AN-1,TUG00N31CICU001,NL,10.205.142.50,2405:b800::b032,10.205.134.50,2405:b800::3032,33042,33043,,PHASE 1,
PLDT URDANETA,AN-1,URD00C01CICU001,NL,10.205.142.51,2405:b800::b033,10.205.134.51,2405:b800::3033,33044,33045,,PHASE 1,
PLDT VIGAN,PE-1,VGN00C15CIBE001,NL,10.205.138.56,2405:b800::9038,10.205.130.56,2405:b800::1038,18090,18091,96019,PHASE 1,10.205.184.44
PLDT VIGAN,PE-2,VGN00C15CIBE002,NL,10.205.138.57,2405:b800::9039,10.205.130.57,2405:b800::1039,18092,18093,96019,PHASE 1,10.205.184.44
PLDT ZAPOTE,DN-1,BCR00S33CICN001,SL,10.205.140.98,2405:b800::a063,10.205.132.98,2405:b800::2062,23108,23109,99027,PHASE 1,10.205.184.176
PLDT ZAPOTE,DN-2,BCR00S33CICN002,SL,10.205.140.99,2405:b800::a064,10.205.132.99,2405:b800::2063,23110,23111,99027,PHASE 1,10.205.184.176
SMART 4106 CABUYAO,PE-1,CBY04106CIBE001,SL,10.205.138.74,2405:b800::904a,10.205.130.74,2405:b800::104a,18122,18123,96027,PHASE 1,10.205.184.69
SMART 4106 CABUYAO,PE-2,CBY04106CIBE002,SL,10.205.138.75,2405:b800::904b,10.205.130.75,2405:b800::104b,18124,18125,96027,PHASE 1,10.205.184.69
SMART 514 HERMOSA,DN-1,HMS00514CICN001,NL,10.205.140.3,2405:b800::a003,10.205.132.3,2405:b800::2003,23004,23005,99001,PHASE 1,10.205.184.97
SMART 514 HERMOSA,DN-2,HMS00514CICN002,NL,10.205.140.4,2405:b800::a004,10.205.132.4,2405:b800::2004,23006,23007,99001,PHASE 1,10.205.184.97
SMART 516 SAN JOSE DEL MONTE,AN-1,SJB00U46CICU001,NL,10.205.142.45,2405:b800::b02d,10.205.134.45,2405:b800::302d,33032,33033,,PHASE 1,
SMART 522 BALANGA,DN-1,BLA00522CICN001,NL,10.205.140.5,2405:b800::a005,10.205.132.5,2405:b800::2005,23008,23009,99002,PHASE 1,10.205.184.98
SMART 522 BALANGA,DN-2,BLA00522CICN002,NL,10.205.140.6,2405:b800::a006,10.205.132.6,2405:b800::2006,23010,23011,99002,PHASE 1,10.205.184.98
SMART 535 IBA,AN-1,IBAN0083CICU001,NL,10.205.142.40,2405:b800::b028,10.205.134.40,2405:b800::3028,33022,33023,,PHASE 1,
SMART 542 GAPAN,DN-1,GPN00542CICN001,NL,10.205.140.7,2405:b800::a007,10.205.132.7,2405:b800::2007,23012,23013,99003,PHASE 1,10.205.184.99
SMART 542 GAPAN,DN-2,GPN00542CICN002,NL,10.205.140.8,2405:b800::a008,10.205.132.8,2405:b800::2008,23014,23015,99003,PHASE 1,10.205.184.99
SMART 549 CAMILING,DN-1,CML00549CICN001,NL,10.205.140.9,2405:b800::a009,10.205.132.9,2405:b800::2009,23016,23017,99004,PHASE 1,10.205.184.100
SMART 549 CAMILING,DN-2,CML00549CICN002,NL,10.205.140.10,2405:b800::a00a,10.205.132.10,2405:b800::200a,23018,23019,99004,PHASE 1,10.205.184.100
SMART 554 PLARIDEL,PE-1,PLA00554CIBE001,NL,10.205.138.52,2405:b800::9034,10.205.130.52,2405:b800::1034,18082,18083,96017,PHASE 1,10.205.184.42
SMART 554 PLARIDEL,PE-2,PLA00554CIBE002,NL,10.205.138.53,2405:b800::9035,10.205.130.53,2405:b800::1035,18084,18085,96017,PHASE 1,10.205.184.42
SMART 605 SAN PABLO,DN-1,SPL00605CICN001,SL,10.205.140.68,2405:b800::a045,10.205.132.68,2405:b800::2044,23048,23049,99012,PHASE 1,10.205.184.161
SMART 605 SAN PABLO,DN-2,SPL00605CICN002,SL,10.205.140.69,2405:b800::a046,10.205.132.69,2405:b800::2045,23050,23051,99012,PHASE 1,10.205.184.161
SMART 609 SILANG,DN-1,SIL00609CICN001,SL,10.205.140.84,2405:b800::a055,10.205.132.84,2405:b800::2054,23080,23081,99020,PHASE 1,10.205.184.169
SMART 609 SILANG,DN-2,SIL00609CICN002,SL,10.205.140.85,2405:b800::a056,10.205.132.85,2405:b800::2055,23082,23083,99020,PHASE 1,10.205.184.169
SMART 610 TAGAYTAY 1,DN-1,TGT00610CICN001,SL,10.205.140.86,2405:b800::a057,10.205.132.86,2405:b800::2056,23084,23085,99021,PHASE 1,10.205.184.170
SMART 610 TAGAYTAY 1,DN-2,TGT00610CICN002,SL,10.205.140.87,2405:b800::a058,10.205.132.87,2405:b800::2057,23086,23087,99021,PHASE 1,10.205.184.170
SMART 6114 BALIUAG,PE-1,BAL06114CIBE001,NL,10.205.138.54,2405:b800::9036,10.205.130.54,2405:b800::1036,18086,18087,96018,PHASE 1,10.205.184.43
SMART 6114 BALIUAG,PE-2,BAL06114CIBE002,NL,10.205.138.55,2405:b800::9037,10.205.130.55,2405:b800::1037,18088,18089,96018,PHASE 1,10.205.184.43
SMART 614 CARMONA,DN-1,CMN00614CICN001,SL,10.205.140.108,2405:b800::a06d,10.205.132.108,2405:b800::206c,23128,23129,99032,PHASE 1,10.205.184.181
SMART 614 CARMONA,DN-2,CMN00614CICN002,SL,10.205.140.109,2405:b800::a06e,10.205.132.109,2405:b800::206d,23130,23131,99032,PHASE 1,10.205.184.181
PLDT LUCENA,PE-1,LCNPXLCNCIBE001,SL,10.205.138.76,2405:b800::904c,10.205.130.76,2405:b800::104c,18126,18127,96028,PHASE 1,10.205.184.70
PLDT LUCENA,PE-2,LCNPXLCNCIBE002,SL,10.205.138.77,2405:b800::904d,10.205.130.77,2405:b800::104d,18128,18129,96028,PHASE 1,10.205.184.70
SMART 615 ROSARIO,DN-1,RSC00615CICN001,SL,10.205.140.70,2405:b800::a047,10.205.132.70,2405:b800::2046,23052,23053,99013,PHASE 1,10.205.184.162
SMART 615 ROSARIO,DN-2,RSC00615CICN002,SL,10.205.140.71,2405:b800::a048,10.205.132.71,2405:b800::2047,23054,23055,99013,PHASE 1,10.205.184.162
SMART 625 BAY LAGUNA,DN-1,BAY00625CICN001,SL,10.205.140.72,2405:b800::a049,10.205.132.72,2405:b800::2048,23056,23057,99014,PHASE 1,10.205.184.163
SMART 625 BAY LAGUNA,DN-2,BAY00625CICN002,SL,10.205.140.73,2405:b800::a04a,10.205.132.73,2405:b800::2049,23058,23059,99014,PHASE 1,10.205.184.163
SMART 638 IMUS 2,DN-1,IMU00638CICN001,SL,10.205.140.88,2405:b800::a059,10.205.132.88,2405:b800::2058,23088,23089,99022,PHASE 1,10.205.184.171
SMART 638 IMUS 2,DN-2,IMU00638CICN002,SL,10.205.140.89,2405:b800::a05a,10.205.132.89,2405:b800::2059,23090,23091,99022,PHASE 1,10.205.184.171
PLDT STA CRUZ,PE-1,SXLPXSXLCIBE001,SL,10.205.138.72,2405:b800::9048,10.205.130.72,2405:b800::1048,18118,18119,96026,PHASE 1,10.205.184.68
PLDT STA CRUZ,PE-2,SXLPXSXLCIBE002,SL,10.205.138.73,2405:b800::9049,10.205.130.73,2405:b800::1049,18120,18121,96026,PHASE 1,10.205.184.68
SMART 683 SAN PEDRO,DN-1,SPR00683CICN001,SL,10.205.140.100,2405:b800::a065,10.205.132.100,2405:b800::2064,23112,23113,99028,PHASE 1,10.205.184.177
SMART 683 SAN PEDRO,DN-2,SPR00683CICN002,SL,10.205.140.101,2405:b800::a066,10.205.132.101,2405:b800::2065,23114,23115,99028,PHASE 1,10.205.184.177
SMART B02 IBAAN,DN-1,IBN00B02CICN001,SL,10.205.140.78,2405:b800::a04f,10.205.132.78,2405:b800::204e,23068,23069,99017,PHASE 1,10.205.184.166
SMART B02 IBAAN,DN-2,IBN00B02CICN002,SL,10.205.140.79,2405:b800::a050,10.205.132.79,2405:b800::204f,23070,23071,99017,PHASE 1,10.205.184.166
SMART B06 SAN JOSE,DN-1,SJE00B06CICN001,SL,10.205.140.80,2405:b800::a051,10.205.132.80,2405:b800::2050,23072,23073,99018,PHASE 1,10.205.184.167
SMART B06 SAN JOSE,DN-2,SJE00B06CICN002,SL,10.205.140.81,2405:b800::a052,10.205.132.81,2405:b800::2051,23074,23075,99018,PHASE 1,10.205.184.167
SMART B09 ROSARIO,DN-1,ROS00B09CICN001,SL,10.205.140.74,2405:b800::a04b,10.205.132.74,2405:b800::204a,23060,23061,99015,PHASE 1,10.205.184.164
SMART B09 ROSARIO,DN-2,ROS00B09CICN002,SL,10.205.140.75,2405:b800::a04c,10.205.132.75,2405:b800::204b,23062,23063,99015,PHASE 1,10.205.184.164
SMART C07 ALAMINOS,DN-1,ALM00C07CICN001,NL,10.205.140.11,2405:b800::a00b,10.205.132.11,2405:b800::200b,23020,23021,99005,PHASE 1,10.205.184.101
SMART C07 ALAMINOS,DN-2,ALM00C07CICN002,NL,10.205.140.12,2405:b800::a00c,10.205.132.12,2405:b800::200c,23022,23023,99005,PHASE 1,10.205.184.101
SMART C80 CURRIMAO,AN-1,CUR00C80CICU001,NL,10.205.142.37,2405:b800::b025,10.205.134.37,2405:b800::3025,33016,33017,,PHASE 1,
SMART N91 LAL-LO,AN-1,LAL00N91CICU001,NL,10.205.142.41,2405:b800::b029,10.205.134.41,2405:b800::3029,33024,33025,,PHASE 1,
SMART O74 BALLESTEROS,PE-1,BLL00O74CIBE001,NL,10.205.138.42,2405:b800::902a,10.205.130.42,2405:b800::102a,18062,18063,96012,PHASE 1,10.205.184.37
SMART O74 BALLESTEROS,PE-2,BLL00O74CIBE002,NL,10.205.138.43,2405:b800::902b,10.205.130.43,2405:b800::102b,18064,18065,96012,PHASE 1,10.205.184.37
SMART O98 SAPANG PALAY,DN-1,SJB00O98CICN001,NL,10.205.140.13,2405:b800::a00d,10.205.132.13,2405:b800::200d,23024,23025,99006,PHASE 1,10.205.184.102
SMART O98 SAPANG PALAY,DN-2,SJB00O98CICN002,NL,10.205.140.14,2405:b800::a00e,10.205.132.14,2405:b800::200e,23026,23027,99006,PHASE 1,10.205.184.102
SMART Q29 MAHAYAHAY,DN-1,LEM00Q29CICN001,SL,10.205.140.102,2405:b800::a067,10.205.132.102,2405:b800::2066,23116,23117,99029,PHASE 1,10.205.184.178
SMART Q29 MAHAYAHAY,DN-2,LEM00Q29CICN002,SL,10.205.140.103,2405:b800::a068,10.205.132.103,2405:b800::2067,23118,23119,99029,PHASE 1,10.205.184.178
SMART S0749 LIAN BALIBAGO,DN-1,LIAS0749CICN001,SL,10.205.140.106,2405:b800::a06b,10.205.132.106,2405:b800::206a,23124,23125,99031,PHASE 1,10.205.184.180
SMART S0749 LIAN BALIBAGO,DN-2,LIAS0749CICN002,SL,10.205.140.107,2405:b800::a06c,10.205.132.107,2405:b800::206b,23126,23127,99031,PHASE 1,10.205.184.180
SMART V61 URBANO LEGARDA,DN-1,BGO00V61CICN001,NL,10.205.140.15,2405:b800::a00f,10.205.132.15,2405:b800::200f,23028,23029,99007,PHASE 1,10.205.184.103
SMART V61 URBANO LEGARDA,DN-2,BGO00V61CICN002,NL,10.205.140.16,2405:b800::a010,10.205.132.16,2405:b800::2010,23030,23031,99007,PHASE 1,10.205.184.103
TIM CARMONA,AN-1,CMN05702CICU001,SL,10.205.142.84,2405:b800::b054,10.205.134.84,2405:b800::3054,33086,33087,,PHASE 1,
PLDT BATANGAS,P-1,BATPXBATCIBP001,SL,10.205.136.7,2405:b800::8007,10.205.128.7,2405:b800::7,,,,PHASE 2,
PLDT BATANGAS,P-2,BATPXBATCIBP002,SL,10.205.136.8,2405:b800::8008,10.205.128.8,2405:b800::8,,,,PHASE 2,
PLDT TARLAC,P-1,TRCPXTRCCIBP001,NL,10.205.136.9,2405:b800::8009,10.205.128.9,2405:b800::9,,,,PHASE 2,
PLDT TARLAC,P-2,TRCPXTRCCIBP002,NL,10.205.136.10,2405:b800::800a,10.205.128.10,2405:b800::a,,,,PHASE 2,
PLDT CALAUAG,PE-1,CAUPX101CIBE001,SL,10.205.138.22,2405:b800::9016,10.205.130.22,2405:b800::1016,,,,PHASE 2,10.205.184.8
PLDT CALAUAG,PE-2,CAUPX101CIBE002,SL,10.205.138.23,2405:b800::9017,10.205.130.23,2405:b800::1017,,,,PHASE 2,10.205.184.8
PLDT DASMARINAS,PE-1,DASPXDASCIBE001,SL,10.205.138.24,2405:b800::9018,10.205.130.24,2405:b800::1018,,,,PHASE 2,10.205.184.9
PLDT DASMARINAS,PE-2,DASPXDASCIBE002,SL,10.205.138.25,2405:b800::9019,10.205.130.25,2405:b800::1019,,,,PHASE 2,10.205.184.9
PLDT LAS PINAS,PE-1,LPNPXLPNCIBE001,GMM,10.205.138.26,2405:b800::901a,10.205.130.26,2405:b800::101a,,,,PHASE 2,10.205.184.10
PLDT LAS PINAS,PE-2,LPNPXLPNCIBE002,GMM,10.205.138.27,2405:b800::901b,10.205.130.27,2405:b800::101b,,,,PHASE 2,10.205.184.10
PLDT MUNTINLUPA,PE-1,MTPPXMTPCIBE001,GMM,10.205.138.28,2405:b800::901c,10.205.130.28,2405:b800::101c,,,,PHASE 2,10.205.184.11
PLDT MUNTINLUPA,PE-2,MTPPXMTPCIBE002,GMM,10.205.138.29,2405:b800::901d,10.205.130.29,2405:b800::101d,,,,PHASE 2,10.205.184.11
PLDT PAMPLONA,PE-1,LPNPXPPNCIBE001,GMM,10.205.138.30,2405:b800::901e,10.205.130.30,2405:b800::101e,,,,PHASE 2,10.205.184.12
PLDT PAMPLONA,PE-2,LPNPXPPNCIBE002,GMM,10.205.138.31,2405:b800::901f,10.205.130.31,2405:b800::101f,,,,PHASE 2,10.205.184.12
PLDT TAGAYTAY,PE-1,TGTPXTGTCIBE001,SL,10.205.138.62,2405:b800::903e,10.205.130.62,2405:b800::103e,,,,PHASE 2,10.205.184.13
PLDT TAGAYTAY,PE-2,TGTPXTGTCIBE002,SL,10.205.138.63,2405:b800::903f,10.205.130.63,2405:b800::103f,,,,PHASE 2,10.205.184.13
PLDT TAYABAS,PE-1,TYSPXTYSCIBE001,SL,10.205.138.80,2405:b800::9050,10.205.130.80,2405:b800::1050,,,,PHASE 2,10.205.184.14
PLDT TAYABAS,PE-2,TYSPXTYSCIBE002,SL,10.205.138.81,2405:b800::9051,10.205.130.81,2405:b800::1051,,,,PHASE 2,10.205.184.14
SMART 580 ANGELES,PE-1,MCT00580CIBE001,NL,10.205.138.82,2405:b800::9052,10.205.130.82,2405:b800::1052,,,,PHASE 2,10.205.184.15
SMART 580 ANGELES,PE-2,MCT00580CIBE002,NL,10.205.138.83,2405:b800::9053,10.205.130.83,2405:b800::1053,,,,PHASE 2,10.205.184.15
SMART 6113 CAUAYAN,PE-1,CYN06113CIBE001,NL,10.205.138.84,2405:b800::9054,10.205.130.84,2405:b800::1054,,,,PHASE 2,10.205.184.16
SMART 6113 CAUAYAN,PE-2,CYN06113CIBE002,NL,10.205.138.85,2405:b800::9055,10.205.130.85,2405:b800::1055,,,,PHASE 2,10.205.184.16
SMART B01 LIPA 1,PE-1,LIP00B01CIBE001,SL,10.205.138.86,2405:b800::9056,10.205.130.86,2405:b800::1056,,,,PHASE 2,10.205.184.17
SMART B01 LIPA 1,PE-2,LIP00B01CIBE002,SL,10.205.138.87,2405:b800::9057,10.205.130.87,2405:b800::1057,,,,PHASE 2,10.205.184.17
SMART C63 SOLANO,PE-1,SNO00C63CIBE001,NL,10.205.138.88,2405:b800::9058,10.205.130.88,2405:b800::1058,,,,PHASE 2,10.205.184.18
SMART C63 SOLANO,PE-2,SNO00C63CIBE002,NL,10.205.138.89,2405:b800::9059,10.205.130.89,2405:b800::1059,,,,PHASE 2,10.205.184.18
SMART N18 SANCHEZ MIRA,PE-1,SZM00N18CIBE001,NL,10.205.138.90,2405:b800::905a,10.205.130.90,2405:b800::105a,,,,PHASE 2,10.205.184.19
SMART N18 SANCHEZ MIRA,PE-2,SZM00N18CIBE002,NL,10.205.138.91,2405:b800::905b,10.205.130.91,2405:b800::105b,,,,PHASE 2,10.205.184.19
PLDT BAUAN,DN-1,BABPXBABCICN001,SL,10.205.140.17,2405:b800::a011,10.205.132.17,2405:b800::2011,,,,PHASE 2,10.205.184.104
PLDT BAUAN,DN-2,BABPXBABCICN002,SL,10.205.140.18,2405:b800::a012,10.205.132.18,2405:b800::2012,,,,PHASE 2,10.205.184.104
PLDT CAMILING,DN-1,CMLPXCMLCICN001,NL,10.205.140.19,2405:b800::a013,10.205.132.19,2405:b800::2013,,,,PHASE 2,10.205.184.105
PLDT CAMILING,DN-2,CMLPXCMLCICN002,NL,10.205.140.20,2405:b800::a014,10.205.132.20,2405:b800::2014,,,,PHASE 2,10.205.184.105
PLDT CAPAS,DN-1,CAPPXCAPCICN001,NL,10.205.140.21,2405:b800::a015,10.205.132.21,2405:b800::2015,,,,PHASE 2,10.205.184.106
PLDT CAPAS,DN-2,CAPPXCAPCICN002,NL,10.205.140.22,2405:b800::a016,10.205.132.22,2405:b800::2016,,,,PHASE 2,10.205.184.106
PLDT FLORIDABLANCA,DN-1,FLBPXFLBCICN001,NL,10.205.140.23,2405:b800::a017,10.205.132.23,2405:b800::2017,,,,PHASE 2,10.205.184.107
PLDT FLORIDABLANCA,DN-2,FLBPXFLBCICN002,NL,10.205.140.24,2405:b800::a018,10.205.132.24,2405:b800::2018,,,,PHASE 2,10.205.184.107
PLDT LAYLAY,DN-1,BOAPX201CICN001,SL,10.205.140.25,2405:b800::a019,10.205.132.25,2405:b800::2019,,,,PHASE 2,10.205.184.108
PLDT LAYLAY,DN-2,BOAPX201CICN002,SL,10.205.140.26,2405:b800::a01a,10.205.132.26,2405:b800::201a,,,,PHASE 2,10.205.184.108
PLDT LOS BANOS,DN-1,LBSPXLBSCICN001,SL,10.205.140.27,2405:b800::a01b,10.205.132.27,2405:b800::201b,,,,PHASE 2,10.205.184.109
PLDT LOS BANOS,DN-2,LBSPXLBSCICN002,SL,10.205.140.28,2405:b800::a01c,10.205.132.28,2405:b800::201c,,,,PHASE 2,10.205.184.109
PLDT PANIQUI,DN-1,PQIPXPQICICN001,NL,10.205.140.29,2405:b800::a01d,10.205.132.29,2405:b800::201d,,,,PHASE 2,10.205.184.110
PLDT PANIQUI,DN-2,PQIPXPQICICN002,NL,10.205.140.30,2405:b800::a01e,10.205.132.30,2405:b800::201e,,,,PHASE 2,10.205.184.110
PLDT SAN JOSE,DN-1,PLDT SAN JOSE DN 1,,10.205.140.31,2405:b800::a01f,10.205.132.31,2405:b800::201f,,,,PHASE 2,10.205.184.111
PLDT SAN JOSE,DN-2,PLDT SAN JOSE DN 2,,10.205.140.32,2405:b800::a020,10.205.132.32,2405:b800::2020,,,,PHASE 2,10.205.184.111
PLDT SAN PABLO,DN-1,SPLPXSPLCICN001,SL,10.205.140.33,2405:b800::a021,10.205.132.33,2405:b800::2021,,,,PHASE 2,10.205.184.112
PLDT SAN PABLO,DN-2,SPLPXSPLCICN002,SL,10.205.140.34,2405:b800::a022,10.205.132.34,2405:b800::2022,,,,PHASE 2,10.205.184.112
PLDT VALENZUELA,DN-1,VALPXVALCICN001,GMM,10.205.140.35,2405:b800::a023,10.205.132.35,2405:b800::2023,,,,PHASE 2,10.205.184.113
PLDT VALENZUELA,DN-2,VALPXVALCICN002,GMM,10.205.140.36,2405:b800::a024,10.205.132.36,2405:b800::2024,,,,PHASE 2,10.205.184.113
SMART 4141 SINILOAN,DN-1,SNL04141CICN001,SL,10.205.140.37,2405:b800::a025,10.205.132.37,2405:b800::2025,,,,PHASE 2,10.205.184.114
SMART 4141 SINILOAN,DN-2,SNL04141CICN002,SL,10.205.140.38,2405:b800::a026,10.205.132.38,2405:b800::2026,,,,PHASE 2,10.205.184.114
SMART 4167 MULANAY TOWN PROPER,DN-1,MLY04167CICN001,SL,10.205.140.39,2405:b800::a027,10.205.132.39,2405:b800::2027,,,,PHASE 2,10.205.184.115
SMART 4167 MULANAY TOWN PROPER,DN-2,MLY04167CICN002,SL,10.205.140.40,2405:b800::a028,10.205.132.40,2405:b800::2028,,,,PHASE 2,10.205.184.115
SMART 4682 BUENAVISTA PROPER,DN-1,BVT04682CICN001,SL,10.205.140.41,2405:b800::a029,10.205.132.41,2405:b800::2029,,,,PHASE 2,10.205.184.116
SMART 4682 BUENAVISTA PROPER,DN-2,BVT04682CICN002,SL,10.205.140.42,2405:b800::a02a,10.205.132.42,2405:b800::202a,,,,PHASE 2,10.205.184.116
SMART 4709 INFANTA - TONGOHIN,DN-1,IFA04709CICN001,SL,10.205.140.43,2405:b800::a02b,10.205.132.43,2405:b800::202b,,,,PHASE 2,10.205.184.117
SMART 4709 INFANTA - TONGOHIN,DN-2,IFA04709CICN002,SL,10.205.140.44,2405:b800::a02c,10.205.132.44,2405:b800::202c,,,,PHASE 2,10.205.184.117
SMART 4943 CARMEN,DN-1,RSL04943CICN001,NL,10.205.140.45,2405:b800::a02d,10.205.132.45,2405:b800::202d,,,,PHASE 2,10.205.184.118
SMART 4943 CARMEN,DN-2,RSL04943CICN002,NL,10.205.140.46,2405:b800::a02e,10.205.132.46,2405:b800::202e,,,,PHASE 2,10.205.184.118
SMART 536 SAN NARCISO,DN-1,SNZ00536CICN001,NL,10.205.140.47,2405:b800::a02f,10.205.132.47,2405:b800::202f,,,,PHASE 2,10.205.184.119
SMART 536 SAN NARCISO,DN-2,SNZ00536CICN002,NL,10.205.140.48,2405:b800::a030,10.205.132.48,2405:b800::2030,,,,PHASE 2,10.205.184.119
SMART 539 MEXICO,DN-1,MXC00539CICN001,NL,10.205.140.49,2405:b800::a031,10.205.132.49,2405:b800::2031,,,,PHASE 2,10.205.184.120
SMART 539 MEXICO,DN-2,MXC00539CICN002,NL,10.205.140.50,2405:b800::a032,10.205.132.50,2405:b800::2032,,,,PHASE 2,10.205.184.120
SMART 546 SAN JOSE CITY NE,DN-1,SJN00546CICN001,NL,10.205.140.51,2405:b800::a033,10.205.132.51,2405:b800::2033,,,,PHASE 2,10.205.184.121
SMART 546 SAN JOSE CITY NE,DN-2,SJN00546CICN002,NL,10.205.140.52,2405:b800::a034,10.205.132.52,2405:b800::2034,,,,PHASE 2,10.205.184.121
SMART 547 PALAYAN CITY,DN-1,PLY00547CICN001,NL,10.205.140.53,2405:b800::a035,10.205.132.53,2405:b800::2035,,,,PHASE 2,10.205.184.122
SMART 547 PALAYAN CITY,DN-2,PLY00547CICN002,NL,10.205.140.54,2405:b800::a036,10.205.132.54,2405:b800::2036,,,,PHASE 2,10.205.184.122
SMART 587 TARLAC 2 SAN NICOLAS,DN-1,TRC00587CICN001,NL,10.205.140.55,2405:b800::a037,10.205.132.55,2405:b800::2037,,,,PHASE 2,10.205.184.123
SMART 587 TARLAC 2 SAN NICOLAS,DN-2,TRC00587CICN002,NL,10.205.140.56,2405:b800::a038,10.205.132.56,2405:b800::2038,,,,PHASE 2,10.205.184.123
SMART 590 ORION,DN-1,ORI00590CICN001,NL,10.205.140.57,2405:b800::a039,10.205.132.57,2405:b800::2039,,,,PHASE 2,10.205.184.124
SMART 590 ORION,DN-2,ORI00590CICN002,NL,10.205.140.58,2405:b800::a03a,10.205.132.58,2405:b800::203a,,,,PHASE 2,10.205.184.124
SMART 634 ALFONSO,DN-1,ALF00634CICN001,SL,10.205.140.59,2405:b800::a03b,10.205.132.59,2405:b800::203b,,,,PHASE 2,10.205.184.125
SMART 634 ALFONSO,DN-2,ALF00634CICN002,SL,10.205.140.60,2405:b800::a03c,10.205.132.60,2405:b800::203c,,,,PHASE 2,10.205.184.125
SMART 680 BACOOR 1,DN-1,BCR00680CICN001,SL,10.205.140.61,2405:b800::a03d,10.205.132.61,2405:b800::203d,,,,PHASE 2,10.205.184.126
SMART 680 BACOOR 1,DN-2,BCR00680CICN002,SL,10.205.140.62,2405:b800::a03e,10.205.132.62,2405:b800::203e,,,,PHASE 2,10.205.184.126
SMART B40 LUCBAN,DN-1,LUC00B40CICN01,SL,10.205.140.63,2405:b800::a03f,10.205.132.116,2405:b800::203f,,,,PHASE 2,10.205.184.127
SMART B40 LUCBAN,DN-2,LUC00B40CICN02,SL,10.205.140.64,2405:b800::a040,10.205.132.117,2405:b800::2074,,,,PHASE 2,10.205.184.127
SMART B43 GUMACA,DN-1,GMC00B43CICN001,SL,10.205.140.116,2405:b800::a075,10.205.132.118,2405:b800::2075,,,,PHASE 2,10.205.184.128
SMART B43 GUMACA,DN-2,GMC00B43CICN002,SL,10.205.140.117,2405:b800::a076,10.205.132.119,2405:b800::2076,,,,PHASE 2,10.205.184.128
SMART B54 TIAONG,DN-1,TIA00B54CICN001,SL,10.205.140.118,2405:b800::a077,10.205.132.120,2405:b800::2077,,,,PHASE 2,10.205.184.129
SMART B54 TIAONG,DN-2,TIA00B54CICN002,SL,10.205.140.119,2405:b800::a078,10.205.132.121,2405:b800::2078,,,,PHASE 2,10.205.184.129
SMART B90 ANILAO,DN-1,BAB00B90CICN001,SL,10.205.140.120,2405:b800::a079,10.205.132.122,2405:b800::2079,,,,PHASE 2,10.205.184.130
SMART B90 ANILAO,DN-2,BAB00B90CICN002,SL,10.205.140.121,2405:b800::a07a,10.205.132.123,2405:b800::207a,,,,PHASE 2,10.205.184.130
SMART C01 URDANETA,DN-1,URD00C01CICN001,NL,10.205.140.122,2405:b800::a07b,10.205.132.124,2405:b800::207b,,,,PHASE 2,10.205.184.131
SMART C01 URDANETA,DN-2,URD00C01CICN002,NL,10.205.140.123,2405:b800::a07c,10.205.132.125,2405:b800::207c,,,,PHASE 2,10.205.184.131
SMART C05 MANGALDAN,DN-1,MDF00C05CICN001,NL,10.205.140.124,2405:b800::a07d,10.205.132.126,2405:b800::207d,,,,PHASE 2,10.205.184.132
SMART C05 MANGALDAN,DN-2,MDF00C05CICN002,NL,10.205.140.125,2405:b800::a07e,10.205.132.127,2405:b800::207e,,,,PHASE 2,10.205.184.132
SMART C08 AGOO,DN-1,AOO00C08CICN01,NL,10.205.140.126,2405:b800::a07f,10.205.132.128,2405:b800::207f,,,,PHASE 2,10.205.184.133
SMART C08 AGOO,DN-2,AOO00C08CICN02,NL,10.205.140.127,2405:b800::a080,10.205.132.129,2405:b800::2080,,,,PHASE 2,10.205.184.133
SMART C10 ASINGAN,DN-1,ASI00C10CICN001,NL,10.205.140.128,2405:b800::a081,10.205.132.130,2405:b800::2081,,,,PHASE 2,10.205.184.134
SMART C10 ASINGAN,DN-2,ASI00C10CICN002,NL,10.205.140.129,2405:b800::a082,10.205.132.131,2405:b800::2082,,,,PHASE 2,10.205.184.134
SMART C15 VIGAN,DN-1,BTY00C15CICN001,NL,10.205.140.130,2405:b800::a083,10.205.132.132,2405:b800::2083,,,,PHASE 2,10.205.184.135
SMART C15 VIGAN,DN-2,BTY00C15CICN002,NL,10.205.140.131,2405:b800::a084,10.205.132.133,2405:b800::2084,,,,PHASE 2,10.205.184.135
SMART C18 LAOAG,DN-1,LAG00C18CICN001,NL,10.205.140.132,2405:b800::a085,10.205.132.134,2405:b800::2085,,,,PHASE 2,10.205.184.136
SMART C18 LAOAG,DN-2,LAG00C18CICN002,NL,10.205.140.133,2405:b800::a086,10.205.132.135,2405:b800::2086,,,,PHASE 2,10.205.184.136
SMART C31 ILAGAN,DN-1,ILA00C31CICU001,NL,10.205.140.134,2405:b800::a087,10.205.132.136,2405:b800::2087,,,,PHASE 2,10.205.184.137
SMART C31 ILAGAN,DN-2,ILA00C31CICU002,NL,10.205.140.135,2405:b800::a088,10.205.132.137,2405:b800::2088,,,,PHASE 2,10.205.184.137
SMART C43 MANAOAG,DN-1,MNG00C43CICN001,NL,10.205.140.136,2405:b800::a089,10.205.132.138,2405:b800::2089,,,,PHASE 2,10.205.184.138
SMART C43 MANAOAG,DN-2,MNG00C43CICN002,NL,10.205.140.137,2405:b800::a08a,10.205.132.139,2405:b800::208a,,,,PHASE 2,10.205.184.138
SMART C80 CURRIMAO,DN-1,CUR00C80CICN001,NL,10.205.140.138,2405:b800::a08b,10.205.132.140,2405:b800::208b,,,,PHASE 2,10.205.184.139
SMART C80 CURRIMAO,DN-2,CUR00C80CICN002,NL,10.205.140.139,2405:b800::a08c,10.205.132.141,2405:b800::208c,,,,PHASE 2,10.205.184.139
SMART C82 BAMBANG,DN-1,BBG00C82CICN001,NL,10.205.140.140,2405:b800::a08d,10.205.132.142,2405:b800::208d,,,,PHASE 2,10.205.184.140
SMART C82 BAMBANG,DN-2,BBG00C82CICN002,NL,10.205.140.141,2405:b800::a08e,10.205.132.143,2405:b800::208e,,,,PHASE 2,10.205.184.140
SMART N1773 SUN - GATTARAN- SAN VICENTE,DN-1,GTRN1773CICN001,NL,10.205.140.142,2405:b800::a08f,10.205.132.144,2405:b800::208f,,,,PHASE 2,10.205.184.141
SMART N1773 SUN - GATTARAN- SAN VICENTE,DN-2,GTRN1773CICN002,NL,10.205.140.143,2405:b800::a090,10.205.132.145,2405:b800::2090,,,,PHASE 2,10.205.184.141
SMART N26 TIBAG,DN-1,TRC00N26CICN001,NL,10.205.140.144,2405:b800::a091,10.205.132.146,2405:b800::2091,,,,PHASE 2,10.205.184.142
SMART N26 TIBAG,DN-2,TRC00N26CICN002,NL,10.205.140.145,2405:b800::a092,10.205.132.147,2405:b800::2092,,,,PHASE 2,10.205.184.142
SMART N93 MADELLA,DN-1,MDD00N93CICN001,NL,10.205.140.146,2405:b800::a093,10.205.132.148,2405:b800::2093,,,,PHASE 2,10.205.184.143
SMART N93 MADELLA,DN-2,MDD00N93CICN002,NL,10.205.140.147,2405:b800::a094,10.205.132.149,2405:b800::2094,,,,PHASE 2,10.205.184.143
SMART O39 CONCEPCION TP,DN-1,CON00O39CICN001,NL,10.205.140.148,2405:b800::a095,10.205.132.150,2405:b800::2095,,,,PHASE 2,10.205.184.144
SMART O39 CONCEPCION TP,DN-2,CON00O39CICN002,NL,10.205.140.149,2405:b800::a096,10.205.132.151,2405:b800::2096,,,,PHASE 2,10.205.184.144
SMART O66 PORAC,DN-1,PRC00O66CICN001,NL,10.205.140.150,2405:b800::a097,10.205.132.152,2405:b800::2097,,,,PHASE 2,10.205.184.145
SMART O66 PORAC,DN-2,PRC00O66CICN002,NL,10.205.140.151,2405:b800::a098,10.205.132.153,2405:b800::2098,,,,PHASE 2,10.205.184.145
SMART Q47 PAGBILAO - MALICBOY,DN-1,PBL00Q47CICN001,NL,10.205.140.152,2405:b800::a099,10.205.132.154,2405:b800::2099,,,,PHASE 2,10.205.184.146
SMART Q47 PAGBILAO - MALICBOY,DN-2,PBL00Q47CICN002,NL,10.205.140.153,2405:b800::a09a,10.205.132.155,2405:b800::209a,,,,PHASE 2,10.205.184.146
SMART Q85 PADRE BURGOS,DN-1,PBS00Q85CICN001,NL,10.205.140.154,2405:b800::a09b,10.205.132.156,2405:b800::209b,,,,PHASE 2,10.205.184.147
SMART Q85 PADRE BURGOS,DN-2,PBS00Q85CICN002,NL,10.205.140.155,2405:b800::a09c,10.205.132.157,2405:b800::209c,,,,PHASE 2,10.205.184.147
SMART S43 SAN JUAN - BATANGAS,DN-1,SAJ00S43CICN001,SL,10.205.140.156,2405:b800::a09d,10.205.132.158,2405:b800::209d,,,,PHASE 2,10.205.184.148
SMART S43 SAN JUAN - BATANGAS,DN-2,SAJ00S43CICN002,SL,10.205.140.157,2405:b800::a09e,10.205.132.159,2405:b800::209e,,,,PHASE 2,10.205.184.148
SMART U33 DUMALNEG,DN-1,PGP00U33CICN001,NL,10.205.140.158,2405:b800::a09f,10.205.132.160,2405:b800::209f,,,,PHASE 2,10.205.184.149
SMART U33 DUMALNEG,DN-2,PGP00U33CICN002,NL,10.205.140.159,2405:b800::a0a0,10.205.132.161,2405:b800::20a0,,,,PHASE 2,10.205.184.149
SMART Y37 PANGOLINGAN,DN-1,PWG00Y37CICN001,NL,10.205.140.160,2405:b800::a0a1,10.205.132.162,2405:b800::20a1,,,,PHASE 2,10.205.184.150
SMART Y37 PANGOLINGAN,DN-2,PWG00Y37CICN002,NL,10.205.140.161,2405:b800::a0a2,10.205.132.163,2405:b800::20a2,,,,PHASE 2,10.205.184.150
PLDT PANTAL,DN-1,PLDT PANTAL DN 1,,10.205.140.162,2405:b800::a0a3,10.205.132.164,2405:b800::20a3,,,,PHASE 2,10.205.184.151
SMART 3813 BAUKO,DN-1,BKO03813CICN001,NL,10.205.140.163,2405:b800::a0a4,10.205.132.165,2405:b800::20a4,,,,PHASE 2,10.205.184.152
SMART 527 SUBICTEL,DN-1,SUB00527CICN001,NL,10.205.140.164,2405:b800::a0a5,10.205.132.166,2405:b800::20a5,,,,PHASE 2,10.205.184.153
SMART 529 APALIT,DN-1,APL00529CICN001,NL,10.205.140.165,2405:b800::a0a6,10.205.132.167,2405:b800::20a6,,,,PHASE 2,10.205.184.154
SMART 5664 BANGAR RS LA UNION,DN-1,BGR05664CICN001,NL,10.205.140.166,2405:b800::a0a7,10.205.132.168,2405:b800::20a7,,,,PHASE 2,10.205.184.155
SMART C02 BAYAMBANG,DN-1,BYB00C02CICN001,NL,10.205.140.167,2405:b800::a0a8,10.205.132.169,2405:b800::20a8,,,,PHASE 2,10.205.184.156
SMART C03 SAN CARLOS,DN-1,SCC00C03CICN001,NL,10.205.140.168,2405:b800::a0a9,10.205.132.170,2405:b800::20a9,,,,PHASE 2,10.205.184.157
SMART C36 BANAUE,DN-1,BNE00C36CICN001,NL,10.205.140.169,2405:b800::a0aa,10.205.132.171,2405:b800::20aa,,,,PHASE 2,10.205.184.158
SMART C37 BONTOC RELAY,DN-1,BON00C36CICN002,NL,10.205.140.170,2405:b800::a0ab,10.205.132.172,2405:b800::20ab,,,,PHASE 2,10.205.184.185
SMART N06 SAN FERNANDO LA UNION 2,DN-1,SFU00N06CICN001,NL,10.205.140.171,2405:b800::a0ac,10.205.132.173,2405:b800::20ac,,,,PHASE 2,10.205.184.186
SMART N83 SANTIAGO CITY 3,DN-1,SGG00N83CICN001,NL,10.205.140.172,2405:b800::a0ad,10.205.132.174,2405:b800::20ad,,,,PHASE 2,10.205.184.187
SMART Y30 LINGAYEN 3 - DOMALANDAN,DN-1,LYN00Y30CICN001,NL,10.205.140.175,2405:b800::a0b0,10.205.132.177,2405:b800::20b0,,,,PHASE 2,10.205.184.190
PLDT LAYLAY,AN-1,BOAPX201CICU001,SL,10.205.142.4,2405:b800::b004,10.205.134.4,2405:b800::3004,,,,PHASE 2,
PLDT MOLINO,AN-1,BCRPXMOLCICU001,SL,10.205.142.5,2405:b800::b005,10.205.134.5,2405:b800::3005,,,,PHASE 2,
PLDT ANGELES,AN-1,AGSPXAGSCICU001,NL,10.205.142.6,2405:b800::b006,10.205.134.6,2405:b800::3006,,,,PHASE 2,
PLDT BAGUIO SESSION ROAD,AN-1,BGOPXBGSCICU001,NL,10.205.142.7,2405:b800::b007,10.205.134.7,2405:b800::3007,,,,PHASE 2,
PLDT BAGUIO TMC,AN-1,BGOPXBGOCICU001,NL,10.205.142.8,2405:b800::b008,10.205.134.8,2405:b800::3008,,,,PHASE 2,
PLDT BINMALEY,AN-1,BMLPXBMLCICU001,NL,10.205.142.9,2405:b800::b009,10.205.134.9,2405:b800::3009,,,,PHASE 2,
PLDT CANLUBANG VAN,AN-1,CLAPXCSECICU001,SL,10.205.142.10,2405:b800::b00a,10.205.134.10,2405:b800::300a,,,,PHASE 2,
PLDT CAPAS,AN-1,CAPPXCAPCICU001,NL,10.205.142.11,2405:b800::b00b,10.205.134.11,2405:b800::300b,,,,PHASE 2,
PLDT CAUAYAN,AN-1,CYNPXCYNCICU001,NL,10.205.142.12,2405:b800::b00c,10.205.134.12,2405:b800::300c,,,,PHASE 2,
PLDT DAGUPAN,AN-1,DGPPXDGPCICU001,NL,10.205.142.13,2405:b800::b00d,10.205.134.13,2405:b800::300d,,,,PHASE 2,
PLDT FLORIDABLANCA,AN-1,FLBPXFLBCICU001,NL,10.205.142.14,2405:b800::b00e,10.205.134.14,2405:b800::300e,,,,PHASE 2,
PLDT GAPAN,AN-1,GPNPXGPNCICU001,NL,10.205.142.15,2405:b800::b00f,10.205.134.15,2405:b800::300f,,,,PHASE 2,
PLDT GUIMBA,AN-1,GBAPXGBACICU001,NL,10.205.142.16,2405:b800::b010,10.205.134.16,2405:b800::3010,,,,PHASE 2,
PLDT IMUS,AN-1,IMUPXIMUCICU001,SL,10.205.142.17,2405:b800::b011,10.205.134.17,2405:b800::3011,,,,PHASE 2,
PLDT LAS PINAS,AN-1,LPNPXLPNCICU001,GMM,10.205.142.18,2405:b800::b012,10.205.134.18,2405:b800::3012,,,,PHASE 2,
PLDT LUBAO,AN-1,LUBPXLUBCICU001,NL,10.205.142.19,2405:b800::b013,10.205.134.19,2405:b800::3013,,,,PHASE 2,
PLDT LUCENA,AN-1,LCNPXLCNCICU001,SL,10.205.142.20,2405:b800::b014,10.205.134.20,2405:b800::3014,,,,PHASE 2,
PLDT LUISITA INDUSTRIAL PARK,AN-1,TRCPXLIPCICU001,NL,10.205.142.21,2405:b800::b015,10.205.134.21,2405:b800::3015,,,,PHASE 2,
PLDT MANAOAG,AN-1,MNGPXMNGCICU001,NL,10.205.142.22,2405:b800::b016,10.205.134.22,2405:b800::3016,,,,PHASE 2,
PLDT MUNTINLUPA,AN-1,MTPPXMTPCICU001,GMM,10.205.142.23,2405:b800::b017,10.205.134.23,2405:b800::3017,,,,PHASE 2,
PLDT PALAYAN,AN-1,PLYPXPLYCICU001,NL,10.205.142.24,2405:b800::b018,10.205.134.24,2405:b800::3018,,,,PHASE 2,
PLDT PANIQUI,AN-1,PQIPXPQICICU001,NL,10.205.142.25,2405:b800::b019,10.205.134.25,2405:b800::3019,,,,PHASE 2,
PLDT SAN JOSE NE,AN-1,SJNPXSJNCICU001,NL,10.205.142.26,2405:b800::b01a,10.205.134.26,2405:b800::301a,,,,PHASE 2,
PLDT SFP,AN-1,SFPPXSFPCICU001,NL,10.205.142.27,2405:b800::b01b,10.205.134.27,2405:b800::301b,,,,PHASE 2,
PLDT SOUTH PARANAQUE,AN-1,PRQPXPRQCICU001,GMM,10.205.142.28,2405:b800::b01c,10.205.134.28,2405:b800::301c,,,,PHASE 2,
SMART 3813 BAUKO,AN-1,BKO03813CICU001,NL,10.205.142.29,2405:b800::b01d,10.205.134.29,2405:b800::301d,,,,PHASE 2,
SMART 4141 SINILOAN,AN-1,SNL04141CICU001,SL,10.205.142.30,2405:b800::b01e,10.205.134.30,2405:b800::301e,,,,PHASE 2,
SMART 4167 MULANAY TOWN PROPER,AN-1,MLY04167CICU001,SL,10.205.142.31,2405:b800::b01f,10.205.134.31,2405:b800::301f,,,,PHASE 2,
SMART 4702 CATANAUAN,AN-1,CTN04702CICU001,SL,10.205.142.52,2405:b800::b034,10.205.134.52,2405:b800::3034,,,,PHASE 2,
SMART B43 GUMACA,AN-1,GMC00B43CICU001,SL,10.205.142.53,2405:b800::b035,10.205.134.53,2405:b800::3035,,,,PHASE 2,
SMART C07 ALAMINOS,AN-1,ALM00C07CICU001,NL,10.205.142.54,2405:b800::b036,10.205.134.54,2405:b800::3036,,,,PHASE 2,
SMART C27 BAYOMBONG,AN-1,BMB00C27CICU001,NL,10.205.142.55,2405:b800::b037,10.205.134.55,2405:b800::3037,,,,PHASE 2,
SMART O69 PANTABANGAN,AN-1,PTB00O69CICU001,NL,10.205.142.56,2405:b800::b038,10.205.134.56,2405:b800::3038,,,,PHASE 2,
SMART Y76 STA. TERESITA,AN-1,SST00Y76CICU001,NL,10.205.142.57,2405:b800::b039,10.205.134.57,2405:b800::3039,,,,PHASE 2,
